views,likes,comments,shares,author_verified,primary_hashtag,music_name,music_is_original,duration_sec,caption,upload_date,author_name,video_id
44800,3710,68,50,False,,Element,False,15,Confidence went 📈,2020-12-17,ninakleij,6907228749016714497
838100,55700,936,1817,False,,Without Me,True,11,Quiet Zone... follow me on insta: joeysofo. Comment where you wanna see me blade next. Reply to @dwight_schnuute,2020-09-23,joeysofo,6875468410612993286
15300000,936200,27100,21100,False,tiktok,Pilfingerdansen - Remix,False,19,Iphone bend test🤗 #tiktok #viral #fyp #iphone #test #bend,2020-11-24,jackeyephone,6898699405898059010
94900,12900,143,197,False,,Justin Timberlake - Mirrors,True,13,,2020-12-05,naomivaneeren,6902819837345533186
115300,8805,52,198,False,tiktok教室,原聲,True,22,小技です👟✨#tiktok教室#tutorial,2020-12-13,io.dreamer_mk,6905635666588192002
2800000,343000,2732,2846,False,volleyball,Diamonds,False,29,Great rally 😍🏐❤️ show some love in the comments for them👉❤️🏐 #volleyball #volleyballlove #volleyballworld,2020-11-15,the_volleyball_community,6895497835681287426
62200,227,4,0,False,,origineel geluid,True,11,Oh no,2020-11-15,milanvannleeuwen,6895303013867539713
81200,4326,354,201,False,timewarpscan,original sound,True,9,#TimeWarpScan,2020-10-17,helen.c_,6884590643327290625
8071,734,54,1,False,keşfet,Believer,False,15,"Kendinizi yıpratmayın, DEĞMEZ 🤞🏻 #keşfet #tiktok #turkey #kadın #erkek #aldatma #seniniçin #beniöneçıkart #ortamısalla #mizah #boys #girls #türkiye",2020-12-15,sulekolik,6906514963569888513
95800,3874,94,716,False,kids,Snort laugh,True,15,#kids #parents #funny,2020-11-12,pien.the.pug,6894206452450217217
39300,2080,19,17,False,foryou,WITHOUT YOU,False,9,Iknow maagdenvlies bestaat niet😄 #foryou #fyp #foryoupage #fy,2020-12-05,_ylvax,6902751117805899009
65900,3275,159,338,False,fyp,origineel geluid,True,8,Ben hopelijk niet de enigste😭 #fyp #dutch #fy,2020-10-22,aylaisah,6886417103046380801
45700,6268,68,26,False,stitch,Jailhouse Rock,False,10,#stitch met @charlielifefitness vandaag in deze aflevering van “hoeveel TikTok kan ik kijken totdat ik mezelf compleet haat...” #dutch #humor,2020-10-13,gaaf_in,6883211681988627714
1200000,57300,336,208,False,sportplazagroenendaal,Street Fashion Game,True,13,Wist jij dit? 👀 #sportplazagroenendaal #zwemmen #zwembad #glijbaan #badmeester #badjuf #werken #glijbaanchallenge,2020-11-08,sportplazagroenendaal,6892769736589888770
61500,6629,1166,92,False,roblox,original sound,True,15,Lets help the bacons #roblox #hacks #exploiting #bunbungirls,2020-12-15,roblox_trollingexploits,6906571896683285761
174400,14500,267,470,False,dance,som original,True,13,#dance #garrafa #horadearrasar #girl #challenge #musically #music,2020-12-17,jhullyduarte,6907334602017344774
346500,23900,181,505,False,nederland,Originalton,True,8,Welkom in Nederland🙋🏼‍♂️ #nederland #dutch #stamppot #voorjoupagina #fyp #foodmeme #flodder #15sworkout,2020-10-13,chef.lukeyluc,6883094233935252737
71400,2501,44,16,False,foryou,original sound - 🌸Ri Za🌸,True,11,Ben ik de enigste die dit doet? #foryou#pizzametananas#noticeme#xyzbca#viral#like#comment,2020-12-16,pizza_metananas,6906818204966915330
74700,6126,188,10,False,,original sound,True,15,"ඔන්න අද මගේ GF පෙන්නනවා,ලස්සනයි ද කියන්න බලන්න 😍😍පළමු වතාවට මගේ GF පෙන්නන්නෙ හැබැයි අන්තිමට",2020-09-25,_nisandu_kgnk_,6876318382703070465
90700,10700,209,104,False,ruinourfriendship,ruin our friendship,True,11,tag de gierigaard van je vriendengroep! #ruinourfriendship #loversinstead #friendship #friends #dutch #funny,2020-11-30,pudding.broodje,6900948690186407170
48000,1086,29,32,False,fatloss,origineel geluid,True,15,Makkelijk afvallen? #fatloss #gezond #fitness #fitdutchie #fitdutch  #vetverbranding #sportschool,2020-09-22,marc.koolen,6875323773755657474
11300,720,15,0,False,,Original Sound,False,13,තරහයිද මා එක්ක 🥺 අත දැම්මානේ 😡,2020-10-18,himalkekulawala,6884935459110178049
46800,2053,42,62,False,fyp,Blow Your Mind (Mwahchallenge),False,7,where my selfish bottoms at? #fyp #voorjou #netherlands #grindr #gay,2020-11-08,orangepotato56,6892805816492084481
50400,1251,27,46,False,fyp,origineel geluid,True,9,#fyp #foryou #xyzbca #foryoupage #boyfriend,2020-10-23,x.maruska0475,6886765050355289346
22000,389,19,0,False,gains,EverybodyMakesMistakes,True,5,Reply to @mvo97 #gains #bodybuilding #training,2020-09-22,marqsheino,6875370613523909890
55100,4734,306,55,False,fyp,hometown slowed down twenty one pilots,True,22,Can't he be lucky for one time?? #fyp #fy #foryoupage #foryou #voorjou #formula1 #f1 #racing #maxverstappen #redbullracing #crash #dnf #badluck #imola,2020-11-01,dyon.b,6890189236130073857
155600,11300,127,27,False,areyoudumb,DUMB DUMB,True,8,"Oeps, het bord stond nog aan! #areyoudumb #meester #foryou #school #fyp #docent #leerling",2020-12-01,meesterjesper,6901321371113032962
49200,11800,156,220,False,narutoshippuden,sonido original,True,12,guapas 😾🙌 #narutoshippuden #hokage #meituremi #pakura #karinuzumaki #twitor #amv #animeedit #foryoupage #_xny twixtor: @nejixc uwu,2020-11-10,by.shahori,6893611785295793410
11200000,321900,527,954,False,worldcup,Oh No,False,11,#worldcup #laliga #football #premierleague,2020-12-10,jackblees,6904536120755768578
943,458,8,3,False,like,original sound,True,14,#like #comments #follow #🐍🐍🐍🐍🐍🐍🐍🐍 #👍👍👍 #fyp #foryou #foryoupage #standwithkashmir #share,2020-10-29,anwarali0125,6888873392234056962
44100,1742,86,75,False,fyp,Say So (Instrumental Version) [Originally Performed by Doja Cat],False,52,It’s a no from me. Be smart and work hard #fyp #foryou #foryoupage #gymshark #fitness #bodybuilder #supplements,2020-10-05,evan_holmes_,6879952519586450690
3456,274,3,2,False,fyp,original sound,True,15,#fyp #🐍🐍🐍🐍🐍🐍🐍🐍 #foryou #standwithkashmir #rizwandurrani57 @rehankhan3724,2020-10-18,rizwandurrani57,6884933059758755073
161600,7161,80,6,False,fight,nhạc nền - ⚡Acacia⚡,True,5,#fight#anime#animeedit#animefight#vs#berry#viral#pibes#parati#fyp,2020-11-16,maxzg7,6895846066961337601
5189,368,13,1,False,fyp,Ishqa za tabah de krom,True,20,#fyp #🐍🐍🐍🐍🐍🐍🐍🐍 #foryou #standwithkashmir                                     عشق وار خَتاَ دِ کم,2020-10-18,rizwandurrani57,6884933447480003842
197300,29200,656,78,False,top10,original sound,True,43,#Top10 Strongest #onepiece Characters by the end of the show. #anime #strongestcharacters #animeboy #luffy #zoro #animeedit #animeedits #animestiktok,2020-10-14,ernie.senpai,6883604590525156609
9315,1334,23,6,False,power,reality can he whatever i want,True,8,Absolute power is a helluva drug. #power #legday #boss #ceo #truestory #fitness,2020-10-21,benjamin_robert_graham,6886215675350666497
34700,3997,23,2,False,linhacongelante,COPYCAT x Bad Guy,True,13,De qual gostas mais? Good guy 🙂 or Bad guy? 😏 #linhacongelante #timewarpscan #mirror #transition #dlaciebie #reflection #kapinha #sike #spooky #fyp,2020-11-26,kapinhaoficial,6899411430660001026
96400,2405,48,15,False,kane,original sound,True,25,#kane #VeryBlackFriday #wwe #viral #memories #video #undertaker #fyp #goviral 🤘🏻🔥,2020-11-24,zl15_,6898613799402753281
64000,9522,273,75,False,theboys,Falling,False,44,Reply to @user26770788 #theboys #WorldSeries #GamingLife #foryou #fyp,2020-10-21,jonbezrouch,6885861410329332998
47500,11500,212,33,False,anime,What You Know Bout Love,False,21,Dejo el POV en sus manos xd(créditos a @..aguadeuwu ) #anime #animeedit #yumeko #billieeilish #bakugou #shoto #iidatenya #uraraka,2020-10-04,potofrio21,6879772200065436929
1084,143,4,8,False,,original sound,True,15,vaieral vedeo please for you for youpage,2020-11-09,jibrankoko7,6893119957534510338
61800,6153,36,8,False,duet,original sound,True,54,#duet with @brockfit__ - this is probably the wildest one I’ve seen personally. #strength #peopleareawesome #gym,2020-10-09,benjamin_robert_graham,6881624031561354498
6599,831,37,10,False,bellaforteens,оригинальный звук,True,35,Передачи от первого лица😄#bellaforteens #ставрополь #футбол #football #рек #рекомендации #rec #recommendations @step__12,2020-11-18,krotik26,6896541657471241474
99400,25000,659,1257,False,4upage,som original,True,32,tá entrei na bad dps desse vídeo...(🚫ALERTA GATILHO🚫)#4upage #tradução #otaku #anime #animecasal #bad #animeedit #virall #fy,2020-10-17,sasha.editsx,6884688821976354049
64300,1688,13,441,False,horadearrasar,Palhação do Mal,False,13,#horadearrasar,2020-12-16,matheus__36,6906870391466216709
62300,15200,126,228,False,fypシ,sonido original,True,33,#fypシ #amv #anime #animation #edit #haikyuu #hinatashoyo #weeb #animeedit,2020-11-30,piki__edits,6901020148426099969
50900,8606,147,445,False,zerotwo,sonido original,True,7,Un rival 😑😑 #zerotwo #darlinginthefranxx #animeedit #waifu #zerotwoedits,2020-11-22,un.simple_chico,6898035916682710274
18100,6025,217,177,False,jhope,оригинальный звук,True,10,#jhope #junghoseok #ПорадуйМаму #검둥개 #bts_official_bighit #recommendations #방탄소년단 #глобальныерекомендации #р_е_к_о_м_и_н_д_а_ц_и_и #horse,2020-12-02,cinsubun_10,6901681280128208130
173100,26300,315,30,False,fyp,Photograph,True,15,🏹 | I’m having some of my charli cake from my bday 🥺 | 🏹 | @charlidamelio | 🏹 | #fyp #foryou #birthdaycake #charli #queen #cake #blm,2020-10-25,trexchars,6887645369895898369
45700,2766,69,4,False,groep8a,Jingle Bell Rock,True,8,Maar er is écht veel mis aan deze video🤯😫Deze juf is toe aan weekend! #groep8a #juf #foutekersttruiendag #tegroot #badhair #stokstruggles #iloveit,2020-12-11,ivananas_,6905029441760578818
130100,7868,87,175,False,timewarpscan,verified ppl r using this im crying buh bye,True,9,AHHAHAHA #timewarpscan #drunkface,2020-10-04,stinaesther,6879842043880017154
11100000,461700,11600,102700,False,stitch,Originalton,True,12,#stitch mit @guinnessworldrecords #sonnelebensfroh#fy#fyp#fun,2020-12-13,sonnelebensfroh,6905761532039220482
776800,86000,421,308,False,,What You Know Bout Love,False,8,Thank you so much for all the support!!,2020-11-25,relaxify,6899136673347685634
1500000,125000,1164,1107,False,,original sound,True,29,The dogs went right in after him 😅 @salty.bun,2020-11-12,riovacci,6894259747290123521
86200,8204,297,93,False,hoodiechallenge,KinjaBang,False,12,"One day Zoe is going to be REALLY over my shenanigans, but for now I can still subject her to this kind of breakfast entertainment #hoodiechallenge",2020-12-14,joanna.rabon,6906170881626754309
63200,6454,107,19,False,fyp,Combination Taco Bell and Pizza Hut by Das Racist,True,15,I’m the combination #fyp #foryou #fy #voorjou #voorjoupagina #viral,2020-12-04,demiidejong,6902412854188674306
35900,899,88,7,False,tiktokfriends,original sound,True,8,And then this happened (see previous vid) 🥵 @debs_fl  #tiktokfriends #thirsttrap #missmarketing,2020-11-21,missmar29plus10,6897664007780568321
654200,86900,694,6076,False,alberta,Sweet Dreams (A cappella),False,10,Is moraine lake on your bucket list? #alberta #canada #travelcanada #travelalberta #banff #morainelake,2020-10-02,theglobewanderers,6879055868676132097
34800,5865,257,1,False,jufjoyce,cook clean plot twist tyananana,True,10,De @2e persoon heeft smetvrees en de @4e persoon laat alles liggen😂 @marito.dorito  #jufjoyce #verhuisvlog #teacher #comedy #yesidothecooking,2020-10-13,jufjoyce,6882975789143379201
47300,5805,110,33,False,pov,die for you,True,15,#POV: Je wilt niet dat je ex je ziet op een feestje en vraagt mij om hulp.. #voorjou #tiktoknl #viraal #ios14,2020-09-23,justinvanr,6875639469563759873
44700,5480,26,22,False,fyp,original sound,True,14,Hard work 🏆💪 #fyp #foryou #fy #freestylefootball #skills,2020-11-19,laurafreestyle_,6896962911969758466
19100000,2600000,0,13700,False,mask,Overwhelmed remix by Itsluxcity Christian Gates,True,8,#mask #vindiesel #KFCMakeItLegendary #vibewithvin #funny,2020-12-16,im_vindiesel,6906814891034823938
246700,4673,12,82,False,not,original sound,True,8,#not #twisting #hand,2020-10-04,marijn.kuipers,6879756807481363714
49400,1472,39,114,False,hinkebeentje,original sound,True,10,Heujjj gelukt! #hinkebeentje #hatseflats #KerstInHuis #fyp #fy #vjp #vj #daarbenikweer #athome,2020-12-13,adkonings,6905705430886944002
99600,9247,60,27,False,fyp,original sound,True,21,CHEST DIP TIPS. Work that chest 💪🏻✨ #fyp #foru #fitnessgirls #HorrorTok #DoItBold #fitnesstips #chestdips #chestworkout,2020-10-18,sarah.annne,6884970166489271557
246400,8990,380,440,False,rijst,Mission Impossible Theme (Movie Trailer Mix),False,19,Wanneer kwam jij erachter? 🤷‍♂️ #rijst #lifehack #foodhack,2020-12-05,sterkindekeuken.nl,6902680579989359874
582400,70100,490,729,False,,original sound,True,15,Watch till the end 😨 @snappersociety @kaliturbo,2020-11-21,riovacci,6897704483288124673
55500,6130,111,31,False,рек,Fill in Billies voice,True,15,"Видимо опять придётся доказывать, что звук мой😂 #рек #рекомендации #хочуврек #recommendations #keşfet #billieeilish #lovely",2020-11-06,eskimonapalocke,6891973965238111489
171200,5898,31,689,False,fy,origineel geluid,True,17,Picobello bv #fy #fyp #voorjou #voorjouwpage #follow #viraal #gekkies #internetgekkies #picobello #hallo #lachen #nederlands,2020-10-08,danny07251,6881218787157216514
70100,24000,264,240,False,jungkook,original sound,True,59,Kookie cuz my movie doesn't have a name😜😂 #jungkook #bts #armybts #bts_official_bighit @bts_official_bighit,2020-12-15,kim.sahar,6906604842081357057
58500,7508,17,18,False,,original sound,True,37,රැවුල වැවෙන්න බෙහෙතක්😇😇😇😇,2020-11-17,dineshbandara08,6895890526185213186
103000,9099,124,38,True,colombian,#Slomo Trans,True,11,Our #Colombian ⭐️ is back! 🕺 #Sinisterra #Feyenoord #Soccer #Training #FY #Celebrate #Football #ForYouPage,2020-12-09,feyenoord,6904279792388984066
197200,25700,414,518,False,georgerussell,This City,False,9,I feel so sorry for you George💔 #georgerussell #mercedes #f1 #formula1 #fy #foryou,2020-12-06,funniest.f1.moments,6903247940127640834
44000,4029,95,0,False,,original sound,True,24,,2020-11-15,mfaabdallah,6895453128989101313
198500,13000,52,349,False,qucee,original sound,True,59,Ben even vergeten part 2? #qucee #viral #foryoupage #foryou #peterpiet,2020-12-12,quceememepies,6905505804959452417
124000,11200,213,57,False,,original sound,True,15,بكري ماهمو الا مرتو. والاكل 💔🥺ياخسارة  الشكلاطات بس,2020-12-05,mo.rab,6902725059429911809
102400,20700,86,110,False,naruto,hi_hi_cutiepie corpse,True,11,Ответить пользователю @anwexte вот богиня темари) #naruto #temari #shikamaru #gaara #anime #animeedit #recommendations #fyp,2020-12-08,xaaku,6903809474268646658
109200,10600,195,313,False,horadearrasar,Rave na Praia,False,13,#horadearrasar,2020-10-18,blakizim.3xp,6884981528430988546
89500,13400,469,860,False,vibe,original sound,True,59,#vibe #drums #fun #duet #fyp #happy #music,2020-12-19,detroitnomad,6908111363365768453
1800000,299500,2637,377,True,asmr,original sound,True,53,MORE GLOBBLES #ASMR #GLOBBLEASMR,2020-12-16,kylethomas,6906845094473649410
66600,23000,186,224,False,horadearrasar,som original,True,13,#horadearrasar,2020-10-03,jesus_reina.oficial,6879440891853982978
6458,712,24,5,False,туториал,Coffee for Your Head,False,60,Вот и туториал ✔️ #туториал #аниме #наруто #naruto #anime #animeedit #рек #limonka_pechenka #ПорадуйМаму #ДавайБросать #рекомендации,2020-12-04,limonka_pechenka,6902396851106925825
63700,5449,131,19,False,checkitout,Lets Link,False,37,Reply to @jakedyang #checkitout,2020-09-28,kadds.pov,6877337975030598917
139300,16800,150,198,False,horadearrasar,Oh My God,False,13,#horadearrasar #fy #foryou #tiktok,2020-12-17,lumadiniz_,6907233534893640965
83200,2961,38,17,False,horadearrasar,som original,True,13,Será que temos estilo?? #horadearrasar #diadecao #bulldogfrances #frenchie,2020-09-26,bulldoguitass,6876760427229957377
202200,38700,408,915,False,helloworld,original sound,True,13,spain but without the s #helloworld #animeedit #helloworldanime #animereccomendations #fyp #fypシ #foryoupage #amv #sadanime #romanceanime #weeb #otaku,2020-10-23,angel_waifu,6886872042411494658
53800,5328,106,56,False,gnc,original sound,True,58,Reply to @boiledleche like and comment if you want me make more videos about scummy things gnc does #gnc #fyp #gym #fitness #muscle #SmallBusiness,2020-11-28,zachlagana,6900302214896618757
198500,50500,578,457,False,детиморя,Always Forever,False,15,❗Дети Моря❗#детиморя #edit #эдит #recommendations #рекомендации #globalrecommendations #recomendation #anime #animeedit #аниме #антмеэдит,2020-10-16,applepi.owo,6884265104637005057
3854,154,2,1,False,foryou,original sound,True,15,#foryou #foryou #foryou,2020-10-07,whomustafa5,6880877914078842113
1900000,218600,2397,1197,False,horadearrasar,som original,True,13,O mundo girou     #horadearrasar #fy #fyp #foryou #geraçãotiktok #trans #foryoupage #pravoce  #acre #homemtrans #lgbtqi #omundogirou  #viral,2020-11-27,kaiogray,6899884198279073025
10400,1525,93,0,False,,Pem Huta Pata පෙම් හුට පටRotz x CleNoise x Mi,True,9,උස්සපු එකාව අහු උනා,2020-12-08,sl.notiya2,6903738407227297026
1300000,258200,3030,5762,False,attackontitan,오리지널 사운드 - 백동욱🌈,True,8,Mikasa Ackerman [shingeki no kyojin] Disculpen la calidad :( #attackontitan #snk  #mikasa #anime  #animeedit #shingekinokyojin,2020-10-10,annie.dess,6881838035051269377
12800,1546,38,18,False,jontysquad,original sound,True,14,Viral kyu nhi ho rha mein?🥀💔...Foryou? #raplikechester #jontysquad #faheemsajjad07 #standwithkashimr #slowmo #transition #viralvideo,2020-12-20,faheemsajjad07,6908309278365404418
345000,61600,972,1348,False,kanojookarishimasu,Woah people are using this,True,15,Novia de alquiler. ♥️ #kanojookarishimasu #rentagirlfriend #waifu #kawaii #otaku #anime #animeedit #girlfriend,2020-12-03,yuki__no__hana,6901815472178646274
1896,198,4,8,False,foryou,original sound,True,15,end miss NH karna #foryou #foryoupage #fyp #satndwihkashmir #fyp #sameerkahn,2020-09-27,sameerkhandj11,6877036154982616321
12900000,822200,1960,30600,False,drawing,Rocky: Eye of the Tiger,False,29,#drawing,2020-12-03,nuri100100,6902010787800370433
1200000,244200,829,362,False,,destroy things goo goo gaga,True,14,,2020-10-31,n.ieke,6889774570367192322
1500000,153600,1473,1975,False,fyp,Beast,False,21,That got shakey #fyp #fitness #gym #squat #powerlifting #powerliftingmotivation,2020-09-26,mattvena,6876835225989664002
3300000,305300,3502,34100,False,indoorcycling,Crazy in Love Aaar Remix,True,19,Those booty slaps though 🍑 #indoorcycling #indoorcyclinginstructor #soulcycle #fyp #foryourpage #xyzbca #beyonce #crazyrightnow #lit #fire,2020-10-28,naughty.fitness,6888753654594145537
196900,15900,176,133,False,foryou,BILLIE JEAN X BOO X F IT UP VMESHBEATS MASHUP,True,15,heb nu ong 100+ draften maar tis gelukt hoor pfoe #foryou #fy #netherlands !!,2020-12-02,lisakocken_,6901670973137898753
269900,15800,81,1153,False,fyp,Where Is The Love?,False,9,20 minutes of this workout paired with a calorie deficit will have your abs popping! #fyp #fypp #hiit #hiitworkout #bodybyberg,2020-10-28,bodybyberg,6888474204623195397
623000,90600,843,286,False,,Gods Plan Slowed,True,10,I m s o r r y,2020-12-18,jadeanna_,6907692740469902593
252600,26000,448,133,False,bawzarmy,Run free,False,11,Dit ziet er echt raar uit 😱😂 #bawzarmy #foryoupage #fyp,2020-10-09,joran.bawz,6881662658794294529
326400,29700,226,13,False,animeedit,original sound,True,19,#animeedit #anime #weeb #love #family #friends #recommendations #workout #gym #weight #relatable #facts #pain,2020-10-30,helaxy02,6889502513469410565
117800,8581,62,182,False,fyp,origineel geluid,True,18,Voor voetbal vragen moet je niet bij mij zijn 🤓 #fyp,2020-10-20,xrooom_,6885802277555293441
26200,447,75,10,False,fyp,ओरिजिनल साउंड,True,16,The boys were proud once more 💕 #fyp #foryoupage #foryou #MotivationMonday #gym #athlete #fitness #workout #tiktok #fanedit #myhobby #motivation #abc,2020-11-09,braydencarelius,6893192903749913858
97900,7070,222,63,False,قران,origineel geluid,True,40,Hier geloven deze meiden in: geesten  #قران #nederland #koran #trending #arnhem #trends #foryou #tik #trending #foryoupage,2020-11-24,abdeentube,6898791307016146177
59400,4662,64,80,False,,i feel kinda freeee,True,7,Wel een hele creatieve opmerking meneer!,2020-10-22,brittelisabethh,6886517104871279874
132800,42600,742,162,False,horse,ruin our friendship,True,11,That’s it. 💅 #horse#horsegirl#equestrian#equestrianlife#horsememes#horsesoftiktok,2020-12-01,ace_equestrian,6901195423273291009
62900,1242,104,32,False,fyp,Walk Challenge,True,13,#fyp #covid2020 #yolo,2020-12-13,julyaimee,6905831259478461698
57200,2380,73,106,False,foryou,origineel geluid,True,8,Vergeet niet op het plusje te klikken ➕😉volg me ook op insta 📸 en niet te vergeten blijf lachen☺️  #foryou #fy #foryoupage #herkenbaar,2020-11-08,twanuit,6892756720829893890
31300,1188,8,1,False,පොඩි,original sound - Kelum Dissanayake✍️,True,15,#පොඩි බඩගින්නක් #ඇවිල්ලා ඒයාට #vedio #කරනවා_ දැකලා #දුවනවා 🤭🥰🥰🥰#Mine @dula__girl98,2020-12-11,blackztoplasith2,6904909762027195649
43700,4896,257,198,False,fyp,original sound - Cece Ko,True,9,TRUE FACT 😂 Welke telefoon heb jij? ✨ #fyp,2020-10-27,allyshavandijk,6888254914754006274
126400,5626,48,119,False,koe,origineel geluid,True,15,Koe 🐮 #koe #mindfuck #snelheid #jajajaja #ja #lachen #dochter #queensover30 #queensonfyp @marrrittt,2020-12-07,jeanetkuiper,6903552918159379713
10600,1338,13,61,False,,original sound,True,14,,2020-11-13,nipuna610,6894393861238557954
2700000,116400,347,15000,True,fifa21,Freestyler,False,13,Break some ankles in FIFA 21. 😉 #FIFA21 #FIFASkills,2020-09-28,ajaxesports,6877530962742217985
2400000,171500,1051,1762,True,korthom,original sound,True,6,"Zelfde meid 1,5 jaar later 😂😅 #korthom #foryou #fyp #schooltour",2020-10-16,korthom,6884265711980645634
31800,2566,96,9,False,4yp,Originalton,True,15,Reply to @nic23052 meet Anna The Warrior Of Strength 🖤💪🏻 #4yp #foryou #gloryxv #limitededition #fyp #blowthisup #transition #JDWonderland #blessed,2020-11-09,gloryxv_uk,6893183413965147394
58900,441,7,15,False,fyp,Superman,False,7,Lopen #fyp #voorjou #dutch,2020-10-20,jantt7,6885774617479302402
58300,5161,51,102,False,daniilkvyat,original sound,True,25,🤣🤣😭 #daniilkvyat #tororosso #f1 #formula1 #fy #foryou,2020-11-27,funniest.f1.moments,6899811757322194177
202400,10400,747,91,False,duet,original sound,True,30,almost  33 reps😤.beat me if you can #duet #sportlover #challenge,2020-10-12,_tb98_,6882598038947286274
103600,11600,27,96,False,danielricciardo,Shh (Young Fanatic),True,11,“omg” #danielricciardo #maxverstappen #redbull #f1 #formula1 #fy #foryou,2020-11-14,funniest.f1.moments,6894926988453186817
331900,24300,97,1508,False,valtteribottas,original sound,True,15,🤭🤣 #valtteribottas #mercedes #f1 #formula1 #fy #foryou,2020-11-16,funniest.f1.moments,6895741298297359617
48800,7446,327,30,False,horadearrasar,som original,True,13,#horadearrasar #ambev #tiktok #brahma #horadearrasar,2020-12-06,allansalesn,6903050763124215042
1100000,165100,1969,156,True,,original sound,True,15,"MY MUM HEARD ME also, please go donate in the donate link in my bio if you can ❤️ animals lives matter too!!",2020-12-13,kylethomas,6905530005711768833
215600,17200,80,57,False,gemelas,sígueme en javiervillalobostheis,True,11,SÍGUENOS EN INSTA:DulcesGemelas💕 #gemelas #destacame #trend #fyp #challenge #dancechallenge #baile #twins #outfits #viral #dance #funny,2020-12-09,dulcesgemelas,6904391934735944961
45500,2105,41,8,False,dance,Lilnext_ en Instagram,True,11,💗💗💗❤️🔥   #dance #baile #viral #video #boy #lgbt #latino #slowmo #slow,2020-11-02,geer_franciosii,6890553472937200898
71400,4851,122,25,False,foryoupage,original sound,True,17,Silent conventional tings #foryoupage #fyp #foryou #powerlifting #bodybuilding #deadlift #fitness #workout #fittok #powertok,2020-10-08,timmytimmadome,6881035542830550278
148200,4851,22,61,False,fyp,original sound,True,23,Loudest pops in WWE history Pt. 1 #fyp #foryoupage #HBK #shawnmichaels #MickFoley #StoneCold #leagueofnations #wwe #wwf,2020-10-21,officialjesuschrist0,6886011511391718657
5400000,846100,7471,18300,False,stitch,Drip Like ME,False,9,#stitch mit @malkimeansking #foryou #viral #fy #fyp #foryoupage,2020-12-19,rapperedits1244,6908031436243225858
6893,277,5,78,False,transition,original sound,True,18,Insta par aao bt krte hain 😍♥️ #transition #foryou #foryoupage #fyp #tiktokindia #duet #acting #slowmo #love #burhan_tv #featureme #viral #famous,2020-10-22,mrsheziii_110,6886383962885737730
23100,1816,66,7,False,vairal,original sound,True,13,Reply to @mrpathan_1  main karachi se hu Jo b ham se millna chahta hai insta pe bat karenge#vairal #100k #illu #foryou #foryoupage #fyp,2020-10-12,wajidkhan2025,6882817271899770114
166600,26200,469,114,False,duet,original sound,True,17,#duet with @_devinnscott care if I just vibe with y’all #vibes #vibecheck,2020-10-07,jesse_jones,6880986381309562118
22700,2349,20,8,False,,original sound,True,14,,2020-10-10,nomankhan8671,6881841137934454017
50300,8516,70,380,False,animeedit,Stupid horse by 100gecs dogwives breakneck remix,True,9,Flash Warning #animeedit #edit #anime #fyp #recommendations #rec #tokyoghoul #kaneki,2020-10-31,vniz_edits,6889769067306061057
27600,1833,87,28,False,vairal,original sound,True,29,friends ka liya kuch b karna padta hai and Tak dekho acha song hai #vairal #100k #illu #foryou #foryoupage #fyp,2020-10-13,wajidkhan2025,6883070138279677186
102900,14700,1112,121,False,army,original sound,True,57,@skywalker87x @donalemiles #army #military #help #usarmy #veteran #AltRocktober #OikosOneTrip #marines #fyp #foryou,2020-10-01,dirtybirdfitness,6878668790503116038
73600,6529,30,18,False,horadearrasar,Senta no Fazendeiro,False,13,#horadearrasar fiz tb 😀#horadearrasar #foryou #fyp #viral #tiktokbrasil #tiktok #3tambores #horse #horses #sentanofazendeiro #fazendeiro,2020-11-11,anabeamaral,6893935935684185346
56800,8960,562,59,False,greenscreen,original sound,True,55,Reply to @akabutt #greenscreen  army #marines #military #navy #airforce #coastguard #firyou #GimmeSomeTruth #StrapBack,2020-10-09,jonbezrouch,6881719705028021509
291200,46200,406,33,True,,original sound,True,59,responding to @stressinabox’s video!! ❤️✨ thank you for the advice!!,2020-12-11,kylethomas,6904976916437044482
30300,1859,55,3,False,strength,original sound,True,12,Reply to @julius_augustsson - this is my current total. Baby steps. One day I’ll be strong. #strength #lift #gym #squat,2020-10-05,benjamin_robert_graham,6880203069192211713
101800,11500,388,34,False,,original sound,True,14,Reply to @jr6383638368373837,2020-11-04,chris_wells_,6891396863979769093
3600000,305300,1777,1688,False,kungfu,original sound,True,22,Have you learned#kungfu #chinesekungfu,2020-12-21,philip2021_oe,6908543785303608581
430100,67300,1578,1972,False,,Trampoline,False,26,Rise & shine 🌄 @drew.simms,2020-11-15,riovacci,6895420478932946177
167500,14600,344,33,False,shapeshifter,оригинальный звук,True,9,Dit filter laat zien op wie ik lijk.. #shapeshifter #shapeshifting @bramkriktok,2020-11-26,diontvg,6899441890677116162
21500000,500800,1810,22800,False,toolstour,original sound,True,13,Wire twisting Tool drill attachment #toolstour #drillbit #electrician #tools#amazonfinds #homedep,2020-12-16,toolstour,6906741890503183621
63200,1829,371,44,False,,origineel geluid,True,10,Dubai here I come 😛.,2020-11-27,chloedrommel,6899784988095499522
80400,4929,505,29,False,fy,original sound,True,8,#fy,2020-11-09,naomihogendoorn,6893189880231283970
28700,4171,31,35,False,equestrian,Nightcore Forever She looks so perfect Newk82,True,15,Connected Equestrian girls Dancing into the weekend #equestrian #equestriangirls #horse #shelookssoperfectchallenge #americanapperal #reiner #horse,2020-11-27,connectedequestrian,6899791521470778625
38400,4220,44,29,False,voorjou,original sound,True,21,🍕 of 🍟 ? #voorjou #modelfood #foryou #fyp #model,2020-11-28,natasja.dragic,6900102046876208386
51300,2925,120,22,False,eritreanmusic,origineel geluid,True,15,Fishikta ameley❤️#eritreanmusic#habeshatiktok#eritreangirl#fyp#foryou#smile#habeshahousee#habeshazoom#gy#eritreatime,2020-10-31,nardosabrahale,6889831681469975810
50300,2598,66,8,False,weightlossprogress,original sound,True,11,Life’s rough sometimes but you just have to keep grinding. #weightlossprogress #weightlosstransformation #wlsjourney  #weightlossjournal #wls,2020-10-01,brecarperuns,6878794517391150337
102600,5858,98,74,False,,origineel geluid,True,10,,2020-10-01,vuilnisboertje,6878601415150062850
351500,27700,517,142,False,fyp,Remi Wolf - Photo ID,True,8,Nooit meer zorgen maken over het breken van mijn sokken#fyp #fashionhacks,2020-11-09,xiaoxue521,6893140398403816706
7200000,441200,4398,41900,False,,оригинальный звук,True,12,👻,2020-11-04,gazanmusic,6891212276406160641
251100,16600,76,398,False,greece,"The Banjo Beat, Pt. 1",False,5,Having the best time here #greece #voorjou #fyp #fitdutchies,2020-09-30,kateryna_fitlife,6878300825932860674
92000,4634,1,63,False,fypage,Legendary Strawberry Man,True,15,Altijd t zelfde gezeik #fypage #foryou #fyp #trucks #tiktoktruckers #50tonarmy😜,2020-12-09,rickvanthol,6904174259589958913
21600,2223,12,36,False,,original sound,True,10,දුඹුරුලමිස්සි & කූඹියො  සීගිරියේ යන අතරතුර ❤️@koobiyounlimited  @milanmaduhansa3 @nimanthaperera1 @shashikamalshan9,2020-10-05,jasithalakshan,6880080548086172929
18000,4147,1756,567,False,ahmad_star_1,original sound,True,11,#ahmad_star_1 #vs شو خترتو 🤔,2020-12-01,ahmad_stars_1,6901344153343364354
56800,1425,31,19,False,,I MADE THIS NOT CORY YALL ARE SLOW,True,7,Rot op met je bananenbrood en whipped coffee,2020-10-22,tessscholten,6886472762878151937
43700,6842,184,107,False,billieeilish,Lovely . Billie Eilish,True,45,"Reply to @ebbagirl_ Lots of requests for #billieeilish and I hadn't heard her music before... I'm hooked, thank you 🤍 #harp #cover #Lovely #fyp",2020-11-10,harpistkt,6893282758790008065
525900,63100,352,96,False,,Vragen aan mama,True,45,@jorgevanvliet,2020-12-17,jadeanna_,6907292013293505794
82700,4568,91,21,False,fyp,WITHOUT YOU,False,7,Antwoorden aan @eefje_kwz  even goed nadenken #fyp #foryou #fy #sandroscalia1999 #jokes,2020-12-05,sandro.officialnnl,6902733196811635969
340500,129200,2629,6902,False,kenma,Heart Of Glass,False,9,Reply to @lupsidash train ride with #kenma #haikyuu#haikyuuedit#anime#animeedit#livewallpaper#animelivewallpaper#livewallpaperanime,2020-12-07,reus.fx,6903508885970193666
316800,4012,93,24,False,verkeersagressie,origineel geluid,True,14,#verkeersagressie #verkeershufter #verkeer #cbr #fy #foryou #foryoupage #for #foryourpage,2020-12-15,hippeuutzutphen,6906515542035746050
44600,1791,36,3,False,minecraft,ANYMORE,False,29,Easy way🤷🏼‍♂️ #minecraft#mc#minecrafter#minecraftbuilding#minecrafthacks#minecraftpe#minecraftmemes#gaming#fyp#fy#foryoupage#foryou#games#gamers#xyz,2020-11-15,gamerlings,6895318771666308354
64200,4597,207,286,False,foryou,Fun information PR CM light comedy,False,59,#foryou #fyp #voorjou #chicken #eten #koken #cooking #nl #dutch #fpodie #food #snacks #haagschekeuken #nederland #onskerstmenu #picassobaby #vj,2020-12-13,haagschekeuken,6905698143560633602
78100,8691,151,46,False,motorsport,Ghostmane Flesh,True,16,#motorsport #f1 #sports #formula1 #racing #redbull #redbullracing,2020-11-14,f1focused,6894955763098193154
254200,20100,53,299,False,googlesheets,Jenny (I Wanna Ruin Our Friendship),False,22,@theori6 ✨Challenge accepted ✨ #googlesheets #excel #spreadsheet,2020-12-16,sheetgeek,6906933953777700097
91300,3186,24,14,False,f1,Laxed - Siren Beat,False,15,Ferrari 😍😍 #F1 #formula1 #ferrari #mercedes #mclaren #hamilton #senna #verstappen #schumacher,2020-11-10,bikstats,6893433380352822529
33500,3755,55,6,False,جيش_بكري,original sound,True,15,شكراااااال كتييير بحبيبكم والله 😍😍😍#جيش_بكري #اكسبلورر #هولندا #السعودية🇸🇦 #سوريا🇸🇾 #العراقي🇮🇶 #فلسطين  وجميع المتابعين ربي  يسعدكم😍,2020-12-07,mo.rab,6903527132979318018
785700,41000,195,292,True,рекомендации,Оригинальный звук,True,9,inst:hefesto_girl #рекомендации #врекомендации #fitness #sports #tiktok,2020-11-09,chumakova_hefesto,6893035754067430658
92400,2475,11,11,False,jokes,WITHOUT YOU,False,11,The sad truth about having a boyfriend who works out.. #jokes #StrikeAPosay #fyp #gym #productivity #challenge #hoe #funny #trend #gymshark,2020-12-19,chasexlexie,6907818554905726214
24200,1763,12,90,False,boys,original sound,True,15,Every squad. #boys #fyp #marvel #memes #squad,2020-10-30,xaruka04,6889446389349125377
66400,1754,14,15,False,duet,original sound,True,6,#duet with @jeffviolette Sometimes the wipe doesn’t work #abs #lifehack,2020-12-11,jeffviolette,6904986469501259014
107500,1567,44,19,False,trending,original sound,True,9,#ASOSinthebag #trending #EXTRADateReady #roblox #wwe #asosintheba #gym #duisburg #duisburg #ronaldo #workout #tiktokindia #bodybuilder #ronaldo #worko,2020-11-28,kamalmordi,6900076260693724417
28200,1339,26,31,False,,Thank you all for using my sound,True,11,It's always the most difficult workout 😬,2020-12-08,marqsheino,6903994055907118338
11400,393,52,2,False,sl__king,NP HEAVEN SHILLDECK,True,9,#sl__king අත් හදා බලන්න .වෙනස කියන්න,2020-11-08,sumalichathu95,6892745555836013826
393800,32100,301,43,False,stitch,original sound,True,31,#stitch with @mikeohearn #fyp #bodybuilding #fitness #motivation #gym #workout,2020-11-03,westonsgarland,6890707606579563781
135100,21300,603,731,False,fyp,busy doin hot girl ish,True,7,sheath cleaning ain’t it #fyp #horse #gelding #barrelracer #rodelife,2020-12-09,_abbygray_,6904359798809054470
48600,1086,36,6,False,horadearrasar,Paredao Metralhadora,False,13,#horadearrasar,2020-10-18,arielly.hillary,6884795858827644161
52500,7700,129,171,False,horadearrasar,Bonde Colorido,False,13,#horadearrasar,2020-10-14,kauanmaia30,6883600153593367810
56700,7001,35,16,False,anime,Boss Bitch,False,20,Облом века 😂 #anime #boruto #naruto #konohomaru #recommendations #anime #animeedit #ПорадуйМаму #безостатка #можноврек #рекомендации,2020-12-03,k1ra_lait,6902084818440408321
21500,1869,5,3,False,,original sound,True,34,magic comb,2020-10-23,dharas_2020,6886679044323020033
228100,27700,236,30,False,how,original sound,True,11,How did he do this? 🤔 #how #transition #howdidhedothat #HolidayCrafts,2020-12-09,eduard_martirosyan,6904338682598264069
54200,12600,173,534,False,asagaotokasesan,k u r o k e n,True,12,I love them 😭 #asagaotokasesan #asagaotokasesanedit #yamada #kase  #anime #animeedit #animeyuri #yuri #🏳️‍🌈 #yuriedit #fyp #foryou #fy #parati,2020-11-08,fetishold,6892784023928704258
20400,613,54,4,False,doublebodyweight,Originalton [Fergie - L.A.LOVE (la la)],True,8,#doublebodyweight #squat #squats #strength #coachpiyush #olympiclifting #olylifting #weightliftingcoach #powerlifting,2020-10-12,coach_piyushh,6882758194754522369
11900,643,61,1,False,уменялюкс,оригинальный звук,True,7,И как обычно 30 лайков и ни одного коммента👏🏻 #уменялюкс #тренд #recommendations #переписка #туториал #совет #душа #глобальныерекомендации #любовь,2020-10-11,dianavhdn,6882342986634595586
40300,12300,249,79,False,recommendations,оригинальный звук,True,18,Часть 1 «Нити судьбы» #recommendations #MEGADREAMS #popular #top #ff #haikyuu #haikyuuff #anime #animeedit,2020-12-14,fananime407,6906249909863779585
69100,14700,221,287,False,foryoupage,So Fine,False,57,Hope this helps! #foryoupage #fyp #foryou #powerlifting #bodybuilding #creatine #fitness #workout #fittok #powertok,2020-12-19,timmytimmadome,6907808236133469445
291100,29000,436,194,False,,34+35,True,10,Deze video werd verwijderd door tiktok.... FOR WHAT?,2020-12-01,lorenschoonen,6901321675988651265
81800,2264,60,48,False,paprazzi,Chicken Wing Arab Zaffe by Saif Shawaf X Asaladabk,True,12,I will be in truble when she finds out 😁🤣 #paprazzi #fyp #viral,2020-11-16,roci11momo,6895768030618438913
1400000,6274,173,636,False,trending,original sound,True,8,water loopt op de stroom#trending #fyp #foryoupage #gevrlijk,2020-11-16,mahmoudzin6,6895806487784869122
89900,7721,143,4,False,tekenen,Printer printing sound,False,6,Beep boop🤖🖨 #tekenen #voorjou #netherlands #dutch,2020-12-20,manoulucia,6908408424610974977
4000000,619000,6991,2146,True,yzfamily,COPYCAT x Bad Guy,True,15,Rate the Video from 1-10 #yzfamily #fürdich #fyp #foryoupage,2020-12-20,youneszarou,6908292605101051137
551800,40400,763,984,False,clownerij,Clownerij,False,21,#clownerij,2020-10-27,valerielambb,6888428739861040386
70800,4165,134,59,False,ah,original sound,True,8,ik wil nog niet weg... #ah #appiestrijders #fyyp,2020-11-22,jorismolin,6897961707491085569
64500000,3500000,23100,46600,True,,We own the night,True,12,BLUB 😱,2020-11-29,celinedept,6900606242016840962
9843,561,1090,5,False,الحق,origineel geluid,True,15,#الحق #مسيحين #الانحيل #يسوع #محبه #bijbel #religion #respect #اسلام #christelijk #middenoosten #سورايا_العراق #الكتاب المقدس,2020-11-26,ayadoo79,6899443808321277185
67100,2685,48,116,False,exvriend,Mijn ego zit er werkelijk niet mee,True,15,#exvriend #relatie #relatieproblemen #herkenbaar #grappig #voorjoupagina #grappigevideos #grappigefilmpjes #relatietest #exvriendjes #exen #humor #fyp,2020-11-27,esmeejoanna,6899842091749215489
27800,4435,64,21,False,billieeilish,Therefore I Am,False,9,Wait for the LOOP👀 #billieeilish #transition #makeuplook #easymakeup #positionsarianagrande #curlyhair #desi #indian @blushmarkofficial  #blushmark,2020-11-23,zoyerss,6898107264805244162
40500,391,10,2,False,raadsel,origineel geluid,True,14,Cijfer raadsel! #raadsel #raadselvandedag #cijfers #klok #daughter #queensover30 #queensonfyp #dochter #netherlands,2020-11-18,jeanetkuiper,6896469887732960513
65300,9782,144,32,False,surprise,origineel geluid,True,54,we surprised my mom with her dream car for her 50th birthday 🥳 #surprise #birthday #mom #fyp,2020-10-14,curlsnclouds,6883565215552654593
46900,1651,37,15,False,viral,Where Is The Love?,False,10,What’s better than PIZZA?🍕😂 IG: thefashionjogger #viral #fyp,2020-11-06,thefashionjogger,6892015573861993730
226500,1269,29,10,False,foryou,Sad,False,7,#foryou #bf1 #mickeymouse,2020-11-20,battlefieldclip,6897251091910528257
175100,11700,77,87,False,foryou,Jenny (I Wanna Ruin Our Friendship),False,41,Moet ik dit nog een keer proberen? 😂🤡 #foryou #dutch #foryoupage #fy #nederlands #fyp,2020-11-26,zoebruggeman,6899519135198383361
115600,5209,169,33,False,beanie,sonido original,True,8,Which colours your favourite?? ❤️🖤💚💛  #beanie #VeryBlackFriday #gloryxv #fyp #xybca #blackfriday #4yp #supportsmallbusiness #transition #colourpop,2020-11-26,gloryxv_uk,6899462833088531714
51000,3824,107,53,False,amongus,origineel geluid,True,33,"Gamen met JP, gezellig man #amongus #diorsauvage #gamen #voorjou #hertje",2020-10-21,zopepijn,6886115520425266433
113600,17600,251,372,False,fy,original sound,True,14,The joy🥺 #fy #fyp #f1 #f1tiktok #ferrari #sebastianvettel #joy #foryoupage,2020-10-05,f1.daniii,6880225229415681282
41200,3412,36,145,False,totowolff,original sound,True,6,😭🤣 #totowolff #mercedes #f1 #formula1 #fy #foryou,2020-11-30,funniest.f1.moments,6900932062853893378
1900000,69200,373,1486,False,fyp,Rocky: Eye of the Tiger,False,11,What is the intention of the Lion? #fyp #foryoupage #Depay #Lion #football #soccer #icon #sport #interland,2020-11-12,balmania,6894377684403604738
71700,3435,30,246,False,pubg,الصوت الأصلي,True,16,الرد على @a___s36   انا بقول انو هل فلتر نعمل بس مشان ماهركو😂😂💔#pubg #اكسبلوررررررر #مضرطه #ماهركو_البيض #abn #ماهركو #اكسبلورر #ببجي,2020-12-14,empera88,6906058362128010498
60700,9773,105,12,False,ish,original sound,True,15,මගේ උන් එක්ක අන්තිම වේනකල් බලන්න #ish @dope_adhi.10.08 @dope_japana,2020-09-24,ish_perera,6875862825932180738
31100,3118,406,41,False,world,origineel geluid,True,30,Naast levenslange straf zijn er ook landen die de doodstraf uitvoeren. En dat nog in 2020..😓 #world #facts #list #gaytiktok #loveislove,2020-11-28,fleurbruel,6900185373540961537
40900,3077,42,8,False,شلة_هولندا,original sound,True,15,😂😂😂#شلة_هولندا #سوريا #kat #foryou,2020-11-29,mo.rab,6900632361621392642
9373,833,6,2,False,duet,original sound,True,15,#duet with @big_shiwa  අලුත් එක Follow කරන්ඩෝ @pawandissanayake7 #fyp,2020-12-06,memes_by_pawan,6903091992268459265
117500,5845,112,14,False,fyp,original sound,True,39,#fyp #lifting #fitness #motivation #foryou #disrespectyoursurroundings,2020-10-01,imjorgemonjaras,6878517470894836998
111900,5791,511,74,False,ourtype,original sound,True,11,“But all the bodybuilders did them for back” yes and they also drank their eggs #OurType #bodybuilder #fitness #workout #fyp #foryoupage #foryou,2020-11-20,evan_holmes_,6897028685413633281
59000,4909,886,8,False,,original sound,True,58,Reply to @travismendenhall3,2020-10-23,erin.autio,6886816932222356741
63700,8283,119,43,False,anime,original sound,True,21,Are u beating them if they do this? #anime #weebs #animeboy #animeedit #anime4life #kakashi #gon #rocklee #naruto #foryoupage #xyzbca,2020-09-30,animekiing,6878340953933876482
37700,2809,20,46,False,horadearrasar,F Boy,False,13,#horadearrasar,2020-11-17,lidiaconrado,6896237474381614338
23600,1714,141,17,False,viral,Brother Louie,False,15,"La caminata de los 80, hazlo viral. #viral #caminatadelos80 #baile",2020-09-26,jose.osa,6876716527186382081
150100,11000,40,932,False,horadearrasar,som original,True,13,#horadearrasar,2020-11-30,syz..gohan,6900951421374516481
87600,20300,625,305,False,lgbtq,original sound,True,59,First day of marriage. #lgbtq #marriedlife #challenge #singing #wlw #girlswholovegirls #loveislove #TikTokFood #wife,2020-10-25,kiricallaghan,6887366313526709510
87600,18800,219,1295,False,fullmetalalchemistbrotherhood,Intercambio equivalente,True,27,amo a esta pareja 🥰❤ #fullmetalalchemistbrotherhood #fmab #edwardxwinry #animeedit #fyp #xyzbca #otakugirl #fypシ #weeb #parati,2020-10-29,mugiwara815,6888847866157223169
45000,1957,46,69,False,fyp,Buttercup,False,51,Nasty burn with these #fyp #foryou #foryoupage #gymshark #fitness #bodybuilder #gains #workout #legday,2020-09-27,evan_holmes_,6877301356101782785
83100,19700,539,204,False,fyp,original sound,True,37,women are not exempt from being controlling and toxic #fyp #foryou #foryoupage #RhymePOV #FootlongShuffle #GhostMode,2020-10-12,bundaddy,6882770369573358853
90200,14700,143,63,False,anime,Cull bill,True,23,Who should I do for part 3? #anime #animeedit #naruto #narutoshippuden #guysensei #kakashi #foryoupage #xyzbca,2020-10-04,animekiing,6879871451772620033
25000,6144,25,61,False,duet,original sound,True,10,#duet with @eorth78 Lena is not impressed 😂 #horse #equestrian #cheval #farmlife #fyp #foryoupage,2020-12-07,riggzie_smalls,6903551807230872833
8223,801,34,15,False,foryoupage,The Boat Beat,False,14,Boat boat 🔥foryou❤️Mujhe bhi famous hona hai✌️#foryoupage #trending #slowmo #transition,2020-09-25,faheemsajjad07,6876320502848261378
65900,13700,75,228,False,anime,sonido original,True,31,Aqua 💙💦🌷💕😂 #anime #edit #fyp #otaku #waifu #animeedit #animegirl #aqua,2020-10-16,yuki__no__hana,6884257667573894401
62800,6111,207,16,False,imjealous,sonido original,True,9,I wonder who will understand this trend... #ImJealous #fyp #gaming #streaming,2020-10-16,jonzzy,6884153193425636610
90800,8080,178,142,False,greenscreen,original sound,True,59,Reply to @rehnconnor #greenscreen #foryoupage #fyp #foryou #powerlifting #bodybuilding #deadlift #fitness #workout #fittok #powertok,2020-11-04,timmytimmadome,6891310470830034182
96100,9007,107,14,False,billieeilish,Therefore I Am,False,7,Aprender inglés con Billie Eilish. You won’t regret it. 😈 #billieeilish #whatthehellareyoutalkingabout #kallyeskally #transition #ingles #maquillaje,2020-11-15,kallyeskally,6895488257920945414
49300,4304,47,208,False,fyp,Top Gone,False,29,My triceps suck but these have helped #fyp #foryou #foryoupage #fitness #gymshark #naruto #bodybuilder #strength,2020-10-02,evan_holmes_,6878841351916637441
66200,6691,112,8,False,singing,POV you clicked the sound,True,15,POV - You realise I can sing x #singing #fyp #4u #viral #pov #music #cover #singer #model #singalong,2020-10-07,joenicholls118,6880924761333959938
1200000,68100,1342,857,False,ohno,Oh No,False,15,Oops 😬 @b.carr #OhNo,2020-11-25,riovacci,6899164169870773505
429100,33800,473,3606,False,fy,original sound,True,15,Mood 😂 @norilouise #fy #fyp #voorjou #2020 #breakdown #lol #bestfriend,2020-10-03,sharonsala,6879439535726529794
181200,20800,252,1313,False,programming,This turned into a trend I dont know how (Shakira- Hips Don’t Lie),True,15,That's the only thing I'd be able to write 😂 #programming #coding #developer #codinglife #codinggirl #tech #compsci #nerd #java #nerdjokes #python,2020-11-18,peachtechie,6896407441815260418
42000,2247,60,1,False,fyp,original sound,True,15,Hier dan eindelijk het filmpje waar jullie op gewacht hebben. Wat vinden jullie er van? #fyp #muziek #meester #dance #twerk #school #comedy #tt #prank,2020-10-30,muziekmeestergido,6889452355486485762
47000,5013,51,18,False,memories,Kolors,False,10,why is it so blurry?💖 @tonylopez @ondreazlopez #memories #ondreazlopez #tonylopez #lopezbrothers #behindthescenes,2020-10-16,lopez_and_dameliofann,6884239332329164034
226700,3372,56,23,False,powerlifting,original sound,True,17,https://www.advancedhumanperformance.com/ #powerlifting #benchpress #floorpress #powerlifter #powerlifting #powerlift #fitness #workout #strong,2020-10-02,exercisebrothers,6879123852467768581
64400,1805,57,34,False,volleybal,origineel geluid,True,11,De trend na doen toch 🙃🙃 🏐🏐🏐#volleybal #training #laat #temelig,2020-09-24,detwensechicks,6876145412105899265
72500,5398,40,95,False,giraffe,origineel geluid,True,14,Who needs a giraffe carwash? 😂🦒😂 #giraffe #carwash #beeksebergen #brabant #holland #netherlands #happy #nature #cute #animal #themepark #car #funny,2020-11-23,themepark_explorers,6898295232723471617
24800000,1200000,4454,14400,True,thekiryalife,Love Story,False,7,Lifehack when u see a pretty girl | Лайфхак когда понравилась девушка👋🤣  #thekiryalife #prank #reaction #pickupline #пранк #реакции #foryou,2020-11-14,thekiryalife,6895082457968725249
113800,8860,25,71,False,foryou,origineel geluid,True,13,#foryou #voorjou,2020-11-17,its.nodin,6896035426092453122
72300,1723,79,21,False,,Justin Timberlake - Mirrors,True,10,Heeft ooit iemand jou hard gebroken...😩,2020-11-29,quincyhoonakker_,6900621838653869313
632900,81900,2968,541,True,thereforeiam,Therefore I Am,False,15,the transition took way too long lol ib: @azzakabazzas @jamescharles #thereforeiam #billieeilish #transition #makeup #trend #thereforeiambillieeilish,2020-11-22,nikkililly,6898020845189434625
202900,1783,4,5,False,fy,Blah Blah Blah,False,7,Achter de schermen nee ging niet in 1 keer goed. #fy #fypageシ #foryou #voorjou #behindthescene #soccer #voetbal #,2020-09-22,vlogdad,6875317312082201857
182800,15900,77,26,False,,origineel geluid,True,12,Golddigger prank parodie met een random meid 🤣,2020-10-13,nl_daniel,6883066746559794434
141500,10600,161,157,False,,Fuck It Up,False,10,Draft,2020-12-08,strongdoratheexplorer,6903969832719453445
36700,886,87,85,False,businesscoach,origineel geluid,True,15,Choices? Je bent fantastisch! #businesscoach #zelfvertrouwen #presence #businessmentor #bedrijf #tiktokforbusiness #stappenplan #groeiendondernemen,2020-11-10,anoukjosedrayer,6893504738076167426
34500,6403,171,48,False,voorjou,original sound,True,59,je 3e @ heeft een mooie lach 😳😂 #voorjou #tiktoknl #dutch #drawing #tekenen #zotekenje #netherlands,2020-12-11,manoulucia,6905077243240877313
125400,46500,1035,1878,False,tendou,original sound - slowed audios 😋,True,13,Reply to @.tendou_nugget5 train ride with #tendou #haikyuu#haikyuuedit#anime#animeedit#livewallpaper#animelivewallpaper#livewallpaperanime,2020-12-07,reus.fx,6903324940011916546
99900,17600,454,12,False,procreate,origineel geluid,True,59,Antwoorden aan @www.lisa.n1 Wat willen jullie de volgende x in blackwhite challenge zien? 👁👄👁 #procreate #tekenen #blackwhitechallenge #draw #art,2020-11-23,chelseamelody,6898363189080214786
317500,38200,525,139,False,,original sound,True,48,Does anyone do this? 🤔 @christineyuns,2020-11-16,riovacci,6895808596605537537
33700,3414,38,66,False,,original sound,True,18,උබලට බය නෑ 🤪👻😂😂😍,2020-12-17,sachingeethika,6907268705248464129
76900,8093,65,83,False,voorjou,origineel geluid,True,34,Antwoorden aan @sadeetje031 Pepijn zonder pe voor Jp #voorjou #fa2gang #fyp #hertje #Jp,2020-10-26,zopepijn,6887853904697101570
795900,153400,509,127,True,thekiryalife,Among Us,False,25,Идеальные трюки: Угадайте самый сложный кадр | Real life trick shots: Guess the hardest shot 😎 #thekiryalife #trickshot,2020-12-19,thekiryalife,6907966191059356929
58200,3657,14,54,False,fyp,origineel geluid,True,6,Goedemorgen! #fyp #foryou #goedemorgen #powernap,2020-10-21,stijn_fransen,6886026780914846978
59400,5875,203,274,False,,origineel geluid,True,56,Je zou maar 549 hebben lol onderlaag van de samenleving,2020-10-27,jessemiltenburg1,6888423769107385601
95700,12100,77,168,False,duet,Hell 2 da Naw,False,7,#duet with @maximevdd #foryoupage #fyp #foryou #powerlifting #bodybuilding #deadlift #fitness #workout #fittok #powertok,2020-10-14,timmytimmadome,6883594464900779270
620300,25900,579,2267,False,foryou,"Relaxed BGM for events, cooking videos",False,59,huisgemaakte katjang! #foryou #fyp #voorjou #broodje #eten #koken #schnitzel #cooking #foodporn #vj #anythingface #foodie #food #youbetterrun #fypシ,2020-09-27,haagschekeuken,6877179236386376961
223500,31200,170,79,False,tiktok,origineel geluid,True,20,Je gaat dit met je 1e@ en 3e@ delen😁insta:Sarkissakoo🔥#tiktok #dutch #komedie #voorjou #viraal #voorjoupagina #grapje #ouders #nederland #lachen#nl,2020-11-23,iamsarkis,6898328700476083457
89100,5753,568,69,False,,original sound,True,15,Reply to @mikeymousehouseboi,2020-12-07,bigslank31,6903579807641095430
25900,1842,87,18,False,fyp,оригинальный звук,True,30,Can you tell I want to be a @gymshark athlete? #fyp #foryou #foryoupage #fitness #bodybuilder #aesthetics #gymshark #workout #exercise,2020-10-23,evan_holmes_,6886619249889070337
40100,3836,404,11,False,behappy,It's Tricky,False,22,Odpowiedz użytk. @tedulrichsen  is this okay with you?😁 #behappy #positivevibesonly,2020-11-19,daniii158,6896810007157935362
351700,103900,758,1548,False,kakashi,sonido original,True,26,Kakashi mi fav🥰😂 { #kakashi #kakashihatake #naruto #anime #weeb #edit #animeedit #otaku #funny #xyzbca #fyp #fypage },2020-11-25,lawliet18x,6899171884571626753
1000000,199600,387,113,True,foryou,sonido original,True,12,Cuando tu novia es celosa 😂 #foryou #1m #b,2020-09-25,cainguzman,6876512902929599745
26900,1723,68,2,False,opinion,Red Kingdom,False,15,"Reply to @dmckevitt - those who know, know. Those who don’t, should. #opinion #preference #politics #goat",2020-10-01,benjamin_robert_graham,6878650367668653314
684000,41900,152,5077,False,abdos,Lalala,False,24,Abs routine 8 minutes #abdos #abs #absworkout #entrainementalamaison #tiktokacademie,2020-10-18,gabinouvilla,6884999522360052993
346100,5473,41,24,False,costurar,som original,True,7,#costurar com @takemotodesu #linhacongelante #viral #foryou #viralizoou #linhacongelante #viralizoupostou,2020-12-13,falo_murillo,6905772202600189189
111100,20000,466,210,False,fyp,original sound,True,58,Reply to @lucasneal1 comment any other ideas if you want #fyp #foryou #foryoupage #HolidayTikTok  #RnBVibes  #timewarpscan,2020-11-02,bundaddy,6890594872328195333
72700,19600,140,384,False,fupシ,Чёртовы вороны,True,11,АКАШИИИ#НиШагуБезDETTOL #fupシ #anime #волейболаниме #волейбол #haikyuu #анимеэдит #animeedit #bokuto #akashi #kageyama #hinata,2020-10-15,salamander.5,6883894825855274242
78300,9504,112,11,False,foryoupage,original sound,True,28,Reply to @jaredwiggins2832 #foryoupage #fyp #foryou #powerlifting #bodybuilding #deadlift #fitness #workout #fittok #powertok,2020-11-30,timmytimmadome,6900735754700459270
55100,3347,0,873,False,life,original sound,True,10,#life #is #a #beautiful😍 #story,2020-10-04,jebijude59,6879705053884697858
2900000,395200,1890,21400,False,fyp,som original,True,8,mood 🤣 / #fyp #foryou #melodictechno #housemusic #techno #eletronicmusic,2020-12-19,techempires,6908113835845012742
36000,2409,76,37,False,axaviacion,original sound,True,14,MiG-31 #axaviacion #fyp #foryou #parati #transition #devilchallenge #foryoupage #russia #vladimirputin,2020-11-20,axaviationdefence,6897005299798936834
207900,13600,94,195,False,cake,sonido original,True,14,#cake #dripcake #vainilla #chantilly #happybirthday #dulce #chocolate #destacame #foryou #parati #tiktok #bombom,2020-11-16,mr.vigo_,6895703273773321474
25800,779,11,44,True,,original sound - Newsfirst Sri Lanka,True,59,අප්‍රේල් 21 ප්‍රහාරය සම්බන්ධයෙන් විමර්ශනය කරන ජනාධිපති පරීක්ෂණ කොමිෂන් සභාවේ පොලිස් ඒකකය වෙත ප්‍රකාශයක් ලබා දිමට රජයේ අධිනීතිඥ නිරාෂා ජයරත්න පැමිණියා.,2020-12-16,news1st,6906841661821717762
33800,3434,82,39,False,horadearrasar,Senta no Fazendeiro,False,13,#horadearrasar #fy #foryou #f #sentanofazedeiro,2020-11-26,jailsonjuniorrc,6899555224801791234
142300,20500,243,1570,False,fyp,original sound,True,8,This is me #fyp #thisisme #identify #StrapBack #funny #lipsync #usethissound #sharethis #shareit,2020-10-11,ryan_smith00,6882508731343506694
132300,14800,125,231,False,jontysquad,Sahiba,False,7,Smooth enough?🔥...Viral kyu nhi ho rha mein🥀💔 Foryou? #raplikechester #jontysquad #faheemsajjad07 #standwithkashmir #slowmo #transition,2020-12-19,faheemsajjad07,6907990866284088578
128500,3123,150,48,False,horadearrasar,Cabaré,False,18,Responder a @user709420874 #horadearrasar,2020-10-28,lucasfroes5,6888750527845485825
511200,48100,460,388,False,fyp,Hips Dont Lie by Shakira,True,12,Missing this weather😢 @katelyn_thompson_ #fyp #gymnastics #tumbling #cheer #flips,2020-12-07,justintea,6903317821770484994
23200,732,1206,10,False,الحق,origineel geluid,True,15,#الحق #مسيحين #يسوع #الانحيل #محبه #يوم الحساب #القيامة#bijbel #respect #christelijk,2020-12-10,ayadoo79,6904645678018923777
67000,9025,67,1,False,voorjou,original sound,True,14,10sec VS 10min VS 1uur. Zien hoe in het in een langere tijd doe? Kijk snel op mijn YouTube 🥰 #voorjou #foryou #fy #tekenen #ipad #procreate,2020-10-23,manoulucia,6886856236667636993
478400,114600,5892,2564,False,fyp,Playstation,False,15,#fyp #dancechallenge #playstation #addisonrae #charlidamelio #billieeilish #tatemcrae #arianagrande #dualipa #dixiedamelio #madisonbeer,2020-11-27,notetaking.aesthetic,6899676363188473093
1700000,36400,370,518,False,,orijinal ses,True,20,,2020-12-06,vedatcamoglu06,6903061991225691394
5100000,365600,2765,2491,False,,Toosie Slide,False,10,Rate It 1/10,2020-09-25,relaxify,6876374255974501633
133900,7367,387,598,False,deads,Can I Get an Outlaw,False,25,245lbs 💪🏼 Tag your strongest friends! Duet this with your best attempts 💪🏼 @sumnerhaye where you at? #deads #deadlift @blackstonelabsofficial,2020-12-05,kristengrahamsfb,6902810912416189701
44800,1587,30,113,False,,true love by pink,True,8,En ik ga d’r als een hertje achteraan💕,2020-10-30,keej4y,6889412761927847169
253000,22100,179,228,False,vjp,original sound,True,59,Storytime #vjp #voorjou #fyp #foryou #dutch #tiktoknl #vriendin #storytime #viral #xyzbca,2020-12-09,ivarvanleijsen,6904256013650758914
219700,11900,91,11,False,lovestory,Sean Kingston & Justin Bieber - Eenie Meenie,True,10,The pupil to drench surface #LoveStory #cake,2020-12-20,newtfedaqw,6908266212787047686
53000,3808,183,212,False,fyp,original sound,True,11,No❤️ #fyp #foryou #voorjou,2020-10-22,kaledoos,6886527144478936321
16900,1339,43,128,False,fy,Chill Beat,False,59,We back up on this ho #fy #tinder #rating #nieuwdakkie,2020-10-13,sam.spiess,6883063619202993409
52700,3218,172,47,False,workout,Remember the Name (feat. Styles of Beyond),False,14,13 KM RUN with 10x1min fast + 1min slow💪 from 3’:40/km to 4’:35”/km 💪 IG: thefashionjogger #workout #fit #sporty #running,2020-11-26,thefashionjogger,6899477494659960066
118900,8133,80,385,False,,origineel geluid,True,7,🦋🦋🦋🦋🦋vlinders,2020-10-17,maximeee.r,6884691950478298370
4400000,340300,864,1299,False,,origineel geluid,True,24,Legend dat ie dat durft,2020-10-27,waaromjaron,6888218363923942657
2800000,31900,518,45900,False,stitch,original sound,True,10,#stitch with @blackbarbie098 #fyp #duet #video #explorepage #meme,2020-11-20,bibi_305_786,6897026408372096261
45800,5846,56,67,False,fyp,fuuuck,True,5,"If you know me, you don’t ❤️ #fyp #lesbian #gaytiktok #gay #gayngels #bi #lgbt #stem",2020-10-18,supjillez,6884860645364354306
547700,64500,947,2497,False,,original sound,True,15,🙃,2020-10-10,dioneboerstal1,6882041935029226754
72500,4411,35,34,False,,だめ演技力面接,True,14,,2020-12-02,angi1034,6901798489315921158
260800,36300,1099,36,False,blackwhite,origineel geluid,True,59,Antwoorden aan @x.roosf.10 De 5e in je @ wil in een circus werken 🤡 #blackwhite #clown #featureme #feature #famous #4up #fy #4u #drawing #procreate,2020-11-30,chelseamelody,6900949746962238721
58600,4751,32,29,False,foryoupage,ik had gewoon HONGUUUUR,True,13,😁🍻🥂 #foryoupage #fy #foryou #fyp,2020-10-05,_ylvax,6880161721349311746
90200,9233,156,48,False,fitness,original sound,True,53,If you have any questions just ask! #fitness #workout #training #gym #squats #deadlifts,2020-10-22,the_lift_doctor_,6886231790332218629
39700,3161,81,342,False,voorjou,Oh No,False,26,Secured the bag boiss wie komt online? #voorjou #vjp #dutch #tiktoknederland #viraal #ps5,2020-11-12,trantypebeat,6894262046720986369
136600,6940,81,238,False,shoulders,Space Cadet slowed plus reverb,True,28,Top oefeningen voor grotere schouders 🏆 #shoulders #shoulder #motivation #viral #workout #foryourpage #foryou #shoulderworkout #tips,2020-09-27,noahaltink,6877167604100910337
47200,4967,46,101,False,spiderman,original sound,True,9,ig I'm wrong then #spiderman #cosplay #ThinkingAbout #HouseTour,2020-12-08,helloooo.world.1,6903949620775324930
94200,16700,504,539,False,nederland,origineel geluid,True,53,#nederland #vervelendd #nederlandsetiktokkers #funny #fyp #foryoupage #voorjoupagina #lgbt #lesbian,2020-12-03,lalisalopes,6902115301094116610
590600,86000,2875,1583,False,foryou,original sound,True,11,Waarom zijn gymdocenten zo? (Insta: larsspeters) || #foryou #voorjou #dutch #school #docent #fyp #gym #bruh #gymdocent,2020-12-04,larsspeters,6902424258006273281
69300,20500,61,58,False,halloweenishere,Potential Breakup Song,False,12,🤠🤠 #HalloweenIsHere #equestrian #fyp #foryou #horse,2020-10-25,zoe.eventing,6887617610196733186
1100000,135700,4146,11500,False,teamwatdenkenjij,origineel geluid,True,14,look nou #teamwatdenkenjij #fyp #fy #voorjoupagina #foryoupage #oneliners #selflove #container,2020-11-19,luukwatdenkenjij2.0,6896760414055435521
37900,3169,42,9,True,fred,AhiChallenge,True,10,Should this have been a fRed card? 🤔🔴 #fred #paredes #manunited #psg #ucl #ziggosport,2020-12-03,ziggosport,6901972269636078850
12200,1116,123,23,False,foryoupage,original sound,True,41,Reply to @nimkar8 #foryoupage #fyp #tiktok #xyzbca #foryou #lewiscapaldi #beforeyougochallenge #suiciudalawrareness,2020-10-06,anujaranasinghe,6880508779109125378
35200,2212,147,8,False,fyp,Nightcore Forever She looks so perfect Newk82,True,15,Odpowiedz użytk. @thatguymax91  only one I have😂 is that okay?😁 #fyp #funny #dance,2020-11-11,daniii158,6893922616696999169
10900,1018,13,2,False,jaanu_99,original sound,True,30,Sisiter's wedding❤️❤️❤️❤️❤️❤️ Suprice Dance🙈 #jaanu_99 #wedding_suprice_dance #buttabomma #onemillionaudition #forupage,2020-10-10,janithc.ranawaara,6882071585621069058
128900,11700,94,12,False,foryoupage,original sound,True,12,@sooshalt @octstrength honey grows lats #foryoupage #fyp #foryou #powerlifting #bodybuilding #deadlift #fitness #workout #fittok #powertok,2020-10-30,timmytimmadome,6889466576051932421
9667,1915,10,3,False,,Setthu Poo,True,15,,2020-10-01,munaseer3,6878510237784083713
146100,34700,348,717,False,horadearrasar,som original,True,13,#horadearrasar,2020-10-12,homemdeferro37,6882670049648200962
1000000,141200,1432,57,True,,original sound,True,25,I GOT MORE FISH! 🐠,2020-12-16,kylethomas,6906885936366259457
540800,112600,1179,1017,False,naruto,original sound,True,16,Очень сильный момент #naruto  #sasuke #sakura #anime #animeedit #recommendations #fyp,2020-12-02,xaaku,6901655785407909121
102800,1466,23,17,False,waitforit,"Save A Horse, Ride A Cowboy",False,20,Grim the butt shaking horse #waitforit #horse #barnanimals #farmlife #equestrian #fyp #foryoupage #twerking #funnyanimals,2020-11-25,riggzie_smalls,6899086619228376321
369700,84500,293,799,False,haikyu,original sound,True,30,#haikyu #anime #animeedit,2020-11-18,weeaboba10,6896614154682125570
45400,5046,59,40,False,horadearrasar,Nega Chegando (feat. Menor Nico),False,13,#horadearrasar,2020-12-10,luuhmaia3192,6904657340679654661
105700,3329,36,12,False,covid,IAmAnAdult,True,8,Just for fun but there’s 2 kinds of people! #covid #fyp #HorrorTok,2020-10-19,raet68,6885161134748404998
128200,21400,180,138,True,horadearrasar,som original,True,13,Me jogou no lixo e a amiguinha reciclou 🤷‍♂️😅🔥// insta : cleisinho029 🔥// #horadearrasar #foryoupage #foryou #mejogounolixoeoamiguinhoreciclo,2020-11-27,cleisinho029,6899843622355750145
196400,5858,81,10,False,duet,original sound,True,7,#duet with @pugthegoat #foryoupage #fyp #foryou #powerlifting #bodybuilding #deadlift #fitness #workout #fittok #powertok,2020-09-22,timmytimmadome,6875394675985992966
7037,507,23,0,False,foryoupage,original sound,True,54,අනුන් දාලා විසි කරපුවා...අනේ මන්දා...#foryoupage,2020-11-27,mrkanapita,6899727630472383746
61200,7042,240,354,False,mycostume,original sound,True,13,Is it kissing time yet 😘 #MyCostume #exprESSIEyourself #kiss #foryou #fyp,2020-10-28,taylorlegit,6888453982440770821
49300,10500,132,605,False,animeedit,sonido original,True,10,😆❤ #animeedit #animefan #otaku #waifu #waifusenpaii #kawai #kawaiicult #animecuteuwu #lolis #loli #animeboy #waifu2d #maisan #anime4life,2020-10-23,makott0,6886917791429954817
1418,124,5,1,False,comedy,original sound,True,10,Tiktok Unband Special 😜😜😜#comedy #foryoupage #viralvideo #hirafamxx #trend #comedy,2020-10-20,risingstar93,6885674156655021314
52100,5688,88,234,False,fyp,original sound,True,58,#fyp #army #navy #airforce #marines #rangerschool #emarty_93  #sf_warriors,2020-11-05,ericmartin012,6891793639643647238
748900,74700,183,1666,False,foryou,original sound,True,14,Bird #foryou #foryoupage #fürdich,2020-12-17,condsty,6907213826681261314
236000,5483,100,206,False,soundwavestattoo,origineel geluid,True,14,#soundwavestattoo #spotifytattoo #tattoo #amsterdam #tiktok #amsterdamtattoo #spotify #shocking #tattooartist #foryoupage #coupletattoo,2020-11-23,mstar.ink,6898350532415540482
51900,247,0,5,False,viral,Pilfingerdansen - Remix,False,15,Cleaning day ❤️🙋🏼‍♀️ #viral #cleaning #cleaningvideo #saturday #dutch,2020-11-21,agnesbraham,6897534534636604674
87900,1795,78,18,False,catback,original sound,True,21,Some strong 12 year olds about these days #catback #deadlift #gym #workout #fyp,2020-10-27,bgjfit,6888353150521134338
419500,44200,416,257,False,,Amz1oak volg me,True,11,Based on true events... (idee van @emmakeuven ),2020-09-27,fennahillz,6877182502390353153
28300,3564,71,18,False,dance,Shower,False,10,Wasn’t exactly the same dance but close enough 😂 dc: @notstoud_ @zacklugo @brandonmundine #dance,2020-11-26,caitlinjs,6899510560556158209
80600,1176,35,6,False,moving,Crisis,False,15,Grosssss @walviswerner #moving #gross #clean #foryou #fy,2020-11-22,dantedejong1,6897940245858258177
82300,12400,131,23,False,finals,Wavy (ft. Joe Moses),True,13,5 months later and I finally get to go home!!! #finals #airforce #college,2020-12-09,jess.thebest,6904344469747911942
6600000,114100,577,302,False,,origineel geluid,True,10,Food Shredder,2020-10-07,relaxify,6880983457019809026
120600,4449,201,29,False,ms,Rise Up,False,15,My life with multiple sclerosis #ms #fyp #fy #voorjoupagina #somethingdramaticthatchangedmylifecheck #dutch #hospital #positive #goodvibes,2020-10-26,veratemmerman,6887890425844141313
495800,23400,331,2960,False,catocade,原聲,True,15,Frindships #catocade #shuffle #dance,2020-09-22,catocade,6875453919879908614
49400,1933,28,5,False,,original sound,True,53,,2020-11-18,marijn.kuipers,6896488817528753409
40200,4710,52,38,False,fyp,origineel geluid,True,9,#fyp #dutch #nederland #voorjou #snapchat #filter #camera,2020-12-03,stanwilgenhof,6902015702576762113
75900,20900,230,131,False,fyp,original sound - Eys Hombre,True,11,Okayyy this transition tho... also I can’t find the @ of who did this first !! Help!! #fyp #foryou #viral #makeupartist #makeuphacks #transition,2020-11-12,creatingherself,6894047232274812165
865000,36500,315,15000,False,fy,origineel geluid,True,13,#fy #voorjou #foryou #fördich #covid #quarantine,2020-09-26,vooraluwlekkerefilmjos,6876860979787959554
92000,3697,37,41,False,bottle,origineel geluid,True,17,Follow the chain #bottle #viral #bottleflipchallenge #bottleflips #fyp #foryou #fy #cool,2020-11-15,whassup_bro,6895338661622123777
44600000,5200000,32000,31600,True,,original sound,True,12,Beatbox keeping me sane before my flight 🗣✈️,2020-10-20,spencerx,6885766692627107077
45300,802,33,0,False,fyp,Space Cadet - Metro Boomin,True,10,😉 #fyp,2020-10-30,jessicabruintjes,6889428056704961793
6200000,488200,2009,21000,False,stitch,Therefore I Am,False,15,#stitch with @dina This is crazy!!!! #candle #lighter,2020-11-18,jonahmadlibsbolona,6896522195581897989
297500,12700,980,142,False,nederlandsetiktokkers,Boer Harms,False,10,Nederlander #nederlandsetiktokkers #dutchtiktok #hollands #geertwilders #rutte #geertwilders #zwartepietlivesmatter #kaaskop #voorjoupagina #fyp #fy,2020-12-13,badmahabdinur,6905816780938235138
40500,1657,143,45,False,foryou,"Fun, Exciting, Kids, Pets, Walks",False,58,#foryou #fyp #voorjou #wok #eten #koken #cooking #fypシ #haagschekeuken #foodtiktok #tiktokcooks #chefsontiktok #fireworks2020 #pumpupthejam #dutch,2020-11-24,haagschekeuken,6898757137154051330
69400,4775,265,80,False,deadlift,original sound,True,31,My Deadlift Journey🔥💪. #deadlift #deadlifts #deadliftchallenge #gym #gymlover #bodybuilding #powerlifting #motivation #workout #natural #fy #back,2020-11-27,abdul_khaliq2k20,6899845326161595649
607700,179100,394,1013,False,amongus,original sound,True,52,#amongus #corpse #corpsehusband @corpse_husband,2020-12-16,corpse_clipz,6906969301446593793
81000,5606,30,425,False,,original sound,True,9,Vers uit mijn nieuwe video: 3 Beste Borst Oefeningen🏆😂,2020-12-07,joelbeukersofficial,6903585019017645314
123500,6217,228,120,False,fyp,Intro,False,33,FOOD.👀 #fyp #food #diet #bodybuilding,2020-12-18,westonsgarland,6907635850985704709
346900,21600,73,711,False,f1,original sound,True,8,Sainz and his golf😎#F1 #Formula1 #F12020 #FormulaOne #GrandPrix #Racing #Motorsport #Hamilton #Vettel #Verstappen,2020-12-19,f1evolved,6908110392422092033
558900,20600,87,240,False,tiktoknederland,origineel geluid,True,37,Rekenwonder 🧮 || #tiktoknederland #rekenen #couplesoftiktok #prank,2020-09-26,gabriella.dejonge,6876787355181665537
3500000,692300,10700,48200,False,duet,original sound,True,59,#duet w/ @janickthibault / #africa #toto #80s #fyp #foryoupage #foryou #theataris #quietdrive #popgoespunk #punkrock #poppunk #cover #zyxcba #drummer,2020-12-04,thedustinphillips,6902420063882628357
137200,8082,568,354,False,benchpresschallenge,original sound,True,59,I’ve got 50 on venmo for whoever beats it #benchpresschallenge #armday,2020-11-11,landonheinberg,6893676462788840709
197700,25800,217,23,False,rhymepov,What You Know Bout Love,False,12,Reply to @kay_is_here567 just like this lol ☺️ #RhymePOV #GhostMode #pets #horse #horses #animals #animal #horsebarn #horsegirl #part2 #build,2020-10-12,stephaniemorattoofficial,6882870430625975557
65200,988,14,45,False,fancy,orijinal ses,True,15,#fancy #fancypants #fancyaudio,2020-11-29,gregkrucialcarney,6900344945777872133
13700,1236,0,4,False,genderreveal,original sound,True,12,(It’s a...)happiest birthday zaino love u 😍😍💋💋#sultansbattledance #genderreveal #birthday #happylife #transition #wishes #cake #yummy #4u,2020-10-26,masoudtiktok,6888010128486845698
396700,2243,36,42,False,morph,Just the Two of Us,False,9,#morph top surgery transition  time line; 1 year😇 #fyp #topsurgery #montreal #lgbtq #transition #ftm #foryourpage #queer #selflove #nonbinary #trans,2020-12-13,ryanngoldsdointhings,6905763253192789253
151900,24200,428,294,False,fyp,E-GIRLS ARE RUINING MY LIFE!,False,9,Reply to @kilxuaaa i love corpse #fyp #foryou #foryoupage #MyCostume #exprESSIEyourself #MicellarRewind,2020-10-27,bundaddy,6888373722546294022
346600,34300,183,168,False,onepiece,оригинальный звук,True,17,#onepiece #luffy #edit #recommendations #animeedit #ванпис #аниме #БезОстатка,2020-12-01,_do_nya_,6901122865928670466
888300,109700,813,3746,False,akatsuki,оригинальный звук,True,21,Ответить пользователю @_chuya_28 @animkt #akatsuki #anime #naruto #akatsuki #recommendations #recommendationanime #animeed #kakashi #sasori #animeedit,2020-11-20,cuakun.to,6897348095844027649
51500,4625,131,18,False,greenscreenvideo,Sean Kingston & Justin Bieber - Eenie Meenie,True,15,Reply to @coolkid0183 #greenscreenvideo - it’s probably half decent. I’m more explosive than most expect. #vertical #jump #hops #athlete,2020-11-24,benjamin_robert_graham,6898706823541542146
143000,30500,444,697,False,attackontitan,오리지널 사운드 - 백동욱🌈,True,8,Eren Jaeger [Shingeki no Kyojin] #attackontitan  #anime #erenjaeger #snk #animeedit #shingekinokyojin,2020-10-18,annie.dess,6884749597864987905
56800,3810,706,305,False,duet,Up Beat (Married Life),False,59,#duet with @kingofcommunism69 #DoItBold #MyCostume #exprESSIEyourself #MicellarRewind Facepalm is all I have to say about this,2020-10-27,2zero1eight,6888423046529518853
1100000,330000,3767,3712,False,chinesetiktok,оригинальный звук,True,11,When they call you ugly in 💯 ways #chinesetiktok #chinese #chineseboy #chinesetrend #asianboy #transition #transformation #fyp #foryou,2020-10-26,jesungiya,6888031153173892353
183900,7657,515,88,False,gymshark,london bridge BABYYYY,True,8,"no hate, but duet me to prove me wrong lol #gymshark #rdl #guyswholift @gymshark",2020-12-14,samtaylor_fitness,6906136469144964357
86100,4271,17,389,False,abs,Swervin (feat. Veysel),False,8,Along with a calorie deficit this workout is gonna help you get those abs popping! #abs #aesthetics #fatloss #FeelingGood #fit #abworkout,2020-09-25,bodybyberg,6876262384093236485
7400000,607600,7523,29200,True,shuffle,original sound,True,15,Ever seen a 6 foot 8 man try and shuffle 🤣🤣🤣🤣 #shuffle #giraffe #smoothcriminal,2020-09-28,ladbabyofficial,6877458289978821889
52300,5057,155,388,False,horadearrasar,som original,True,13,#horadearrasar 🙏🙏🙏,2020-12-10,alessandraveloso95,6904739327385799942
57000,9902,151,100,False,transition,original sound,True,7,ooooo😗 #transition #transitions #loop #fyp #foryou #CancelTheNoise #TheProm,2020-12-15,amen_716,6906559972839034117
74400,4911,29,38,False,duet,original sound - NaiHe,True,12,#duet with @sydneymcghee___ I think I messed it up but highly requested 😂 great challenge!! Girl you got some 💪🏻 #fyp #foru #fitnessgirl #fitgirls,2020-10-14,sarah.annne,6883532351960288518
439700,25200,984,194,False,kesfet,original sound,True,15,#kesfet #turkish #asianmakeup #foryou #viral ###voorjou #funny #komik #like #fypシ #virall,2020-12-18,achi.roffazuid,6907464609116982529
358500,4075,22,9,False,roadmarking,Happy,False,30,#roadmarking #work #satisfying #roadmarker #signalisation #white #fyp,2020-12-09,wegmarkering,6904294597862755585
306300,14400,77,99,False,sunset,Where Is The Love?,False,8,"hi 👋,  150k, thanks for your attention.diet plan on the way 😋,see you in next video#sunset #workouts #fitness #muscle #training #foryoupage",2020-11-19,thefitnessguys0,6896976403208604934
263400,22400,200,341,False,draft,original sound,True,11,Old one 🤎✨ #draft #hairstyle #hairlook #hairtransformation #blondtobrown,2020-11-22,kirstenvo,6897916296025885954
95400,2883,73,250,False,tiktoknl,Rudolf the Red Nose Raindeer,False,30,#tiktoknl #fyp #fy #foryou #foryoupage #toiletpaper #voorjoupagina #christmas #rudolf #fyppage,2020-12-14,nietsaterbraak,6906139639753559298
41600,3903,65,3,False,,prasaniro,True,15,,2020-11-08,shanigirl26,6892654388314164482
146000,7748,215,35,False,,original sound,True,15,Nou ging nie helemaal goed,2020-12-13,aniquetalkstomuch,6905763366166367489
1000000,113500,415,1175,True,hairtutorial,original sound - Faisal,True,29,Long awaited  ✨hair tutorial✨ by @si3nna0 #hairtutorial #hairstyle #hairtransformation,2020-12-16,ootdmagazine,6906776161221758210
122000,11100,191,167,False,duet,original sound,True,15,#duet with @annabananaxdddd y’all keep telling me I look like her😌 so what do you. think?? dubbelgangers?🤣 #foryou #looklikeart,2020-10-18,lies_zhara.prive,6884902907439779074
52400,3376,13,9,False,leescoördinator,origineel geluid,True,10,Als je een certificaat ontvangt!🤩🎉 #Leescoördinator #ChantalJanzen #TheVoiceOfHolland @chantaljanzen.official #Trend #Keigoed @teamcjanzen #Fy #Fyp,2020-11-24,jufsanne123,6898598426590678273
423900,41200,790,473,False,fy,Hood Baby,False,21,I really need to get better at transitions.. 😅 #fy #fyp,2020-10-25,ilikecashews,6887590237191572738
27400,6013,102,57,False,grwm,Therefore I Am,False,10,#grwm #transition #foryou,2020-11-18,kenzi_campbell,6896520019082005761
50600,4436,98,37,False,foryou,original sound,True,9,Wat gaan jullie doen in deze lockdown?🤔 #foryou #fyp #voorjou #voorjoupagina,2020-12-16,daniquehosmar,6906822328580181250
295700,73300,772,747,False,painting,Instagram DanielDavis.Art follow me,True,9,#painting #oilpainting #artist #artwork #insta #girl #art #brushchallenge #drawing #fyp #creative #trending #support #artists #architecture #girls,2020-10-21,sumeyyecopoglu,6886119631011007745
66900,10300,532,173,False,vibetiktok,origineel geluid,True,9,Antwoorden aan @seereenmarabeh obviously I speak Dutch as well🌿 #vibetiktok #fy #fyp #foryou #likelike #tiktoktraditions #dutch,2020-10-05,liamkratos,6879933206460648706
261000,25200,569,973,False,foryoupage,original sound,True,15,lijkt net echt gewoon🥺🥺🥺 #foryoupage #ikmisdit,2020-12-20,tessa.mulderr,6908295874653342978
55300,24700,640,1133,False,bungoustraydogs,Jingle jangle,True,34,Tis the season 💅🏼 #bungoustraydogs #anime #animeedit #chuuyanakahara #dazaiosamu #bsd,2020-12-20,l3fty_fr3ak,6908179105494174982
199900,24500,231,454,False,volleyball,Soap,False,14,😂😂 how do you this spike👇 ❤️🏐❤️#volleyball #volleyballlove,2020-11-06,the_volleyball_community,6892150387453725953
35200,1051,218,25,False,fy,K3 film,True,6,Bestaat dit ? 😂🧐 #fy #fyp #foryoupage #foryou #dutch #trouwen,2020-11-26,eefje.vz,6899497158769200385
154100,16100,318,16,False,,Original Sound,False,15,,2020-12-10,dilansampath0,6904496575930731778
215500,22400,195,49,True,hetclubhuis,original sound,True,9,Beide kanten krijg ik er niet in en dan lukt het opeens wel 😭 | Je 4e @ koopt een iPhone voor je! 📱 | #hetclubhuis #voorjou,2020-11-21,kars,6897593866283650306
1100000,90600,1472,5724,False,fy,origineel geluid,True,15,Gordon schrikt van het goedkope assortiment in de action 😂 #fy #foryou #foryoupage #fyp #vj #voorjou #gordon #action,2020-11-10,jackabaasnl,6893496095779933442
126000,33000,226,115,False,halloweenishere,original sound,True,13,almost died making this #halloweenishere #equestrian #fyp #foryou #horse,2020-10-25,zoe.eventing,6887618500307864833
47400,2137,216,115,False,voorjou,original sound,True,10,#voorjou #ajax #ucl,2020-10-28,sateejtv,6888741138941955330
83100,13200,58,120,False,fyp,ian,True,6,Underchin gang #fyp #foryou #viral #trend #joke #xyzbca,2020-10-29,chouffevon,6889092649895087362
80500,9048,52,180,False,duet,original sound,True,6,#duet with @qneqs I had to jump on this 😂 #CashAppInBio #miltok #army #navy #marines #airforce #fyp #foryoupage #trending #zyxcba #lmao #hi,2020-12-03,alexjfish27,6901832410091064582
81000,6447,147,719,False,foryou,origineel geluid,True,50,Mijn mening over fatburners #foryou #foryoupage #fatburner #gains #fitness #abs #gym #workout #training #satire #chestday #rotterdam #explore #fyp #fy,2020-12-11,roykevdh,6905034791188434177
251700,17400,66,43,False,teamychelle,origineel geluid,True,25,#teamychelle #teamrene #fatherdaughter #viral #atjevoordesfeer #fyp #voorjou #groenebril @ychellekarst #tarwesmoothie,2020-09-29,renekarst,6877816601308073218
29200,3450,14,3,False,,original sound,True,10,Hand break 😘😘,2020-09-30,rumeshsashimal,6878231837710372098
86900,6289,66,23,False,fyp,Knocked Up_am i too old to be here,True,10,#fyp #foryoupage #xyzbca #funny #viral #girls #ontario,2020-11-28,ruthreign,6899978363759267073
41700,4778,209,20,False,,original sound,True,16,Reply to @action_dvl,2020-12-17,pro..jaany,6907101598074391810
82200,5415,269,10,False,voguemagazine,оригинальный звук,True,12,Man I have changed #voguemagazine  #CancelTheNoise #fypシ #fyp #foryou #vir #xyzbca #femalesoldier #soldier #army #stillgotit #bi,2020-12-14,elizabethbrooke__,6906244949176569093
339100,71800,1179,1179,False,indigenous,original sound,True,12,"Colonel Sanders called, he wants his Prairie chicken back. #indigenous #dancer #transition #toronto #foryou #nativetiktoks #fyp #itstartsontiktok",2020-10-17,_kehew_,6884703655182880002
60700,15000,689,763,False,fyp,original sound,True,53,i have a negative amount of words at this point. #fyp #biden #trump #democrat #bi #foryou #maskup #covid19 #MakeItMagical #greenscreenvideo,2020-12-17,colleentalks,6907108578482457861
28600,1415,46,9,False,fyp,оригинальный звук,True,31,Might’ve made a ✨gain✨ that day #fyp #foryou #foryoupage #fitness #workout #gymshark #bodybuilder #gains,2020-10-01,evan_holmes_,6878457763668823298
26100,2485,23,43,False,,original sound,True,26,😁weekend,2020-09-26,dewwa99,6876674985746795778
66100,3932,71,13,False,foryoupage,original sound,True,46,Reply to @dolphinarms #foryoupage #fyp #foryou #powerlifting #bodybuilding #deadlift #fitness #workout #fittok #powertok,2020-09-24,timmytimmadome,6875872124968439046
65500,5804,721,26,False,army,Stuck In The Middle,False,42,Reply to @chancesonnier97 just a little knowledge for you 😂 #army #armyreserve #fyp #miltok #usarmy #lildanceydance,2020-12-01,daniellemcbryde3,6901420903322635525
75100,14000,159,111,False,christianbale,original sound,True,18,Para los que querían el de BATMAN🦇 #christianbale #michaelkeaton #benaffleck  #batman #edit #transition #paratupagina #viralll #aprendeentiktok,2020-12-10,.danielsan.1,6904429617021570306
19300,6643,138,178,False,animeedit,оригинальный звук,True,14,оцените от 1 до 10😩#ТанцевАЛИнаАЛИ #animeedit #волейбол #волейболаниме #haikyyu ##haikyyuedit #karasuno #карасуно #fupシ #анимеэдит #anime #эдит,2020-10-31,salamander.5,6889856262431837441
22200,1055,4,7,False,comedy,original sound,True,19,සතියකට හරියන්න ගුටි කෑවා 😂 #comedy #sampa,2020-09-30,sampa___,6878254482698816770
1300000,102300,329,2086,False,foryou,original sound,True,5,😂😂😂 #foryou #horse #fyp,2020-11-20,schmilt,6897013361804938497
140500,19900,220,833,False,anime,Amazing fights,True,59,#anime#animeedit #animeedits #shonen #animefight #animefan #animeshonen #shingekinokyojin #animerecommendations #animebinge #animerec #animerecs,2020-11-03,unbekhannt0,6890954152281918721
65200,5186,20,5,False,duet,Behemon Pokemon X Svdden Death,True,17,#duet with @garyvee - accurate. #entrepreneur #business #lifestyle,2020-10-19,benjamin_robert_graham,6885248860281654529
71000,13100,110,190,False,fyp,Ay Mi Pendejo,False,28,Casual paseando a caballo #fyp #hahaha #horsegirl #horse #horsegirlvibes #horsesontiktok #horseslover,2020-11-02,venturadriana1,6890352437425638658
10600,250,1,1,False,11,Кайф ты поймала - Alexei Shkurko Remix,False,20,Neymar #11 #встилеRIO #rec #recommendations #рек #футбол #рекомендации #неймар #neymar #barcelona,2020-12-10,vv.dem.vv,6904653648349957377
51200,3504,122,131,False,fyp,Ashes,False,51,It isn’t just for lazy trouts #fyp #foryou #foryoupage #fitness #supplements #gains #gymshark #bodybuilder #preworkout,2020-09-29,evan_holmes_,6877726677334510849
139500,11200,370,447,False,travel,It's Beginning To Look A Lot Like Christmas,False,16,"Bourtange, the Netherlands 🇳🇱 #travel #traveldiaries #fyp #foryou #dreamy #christmas",2020-12-06,rooshazeveld,6903134814715661570
4200000,360100,1225,4682,False,fyp,original sound,True,8,I kept messing it up 😂 #fyp,2020-12-16,tylerandemmaa,6906757897628192005
2600000,104300,734,619,False,backyard,Backyard Boy,False,16,I think my mom hates me now 😁#backyard #project #pool #johndeere #onabudget #foryou #fyp,2020-09-23,martijn.schilder,6875651291343883522
52700,6270,226,75,False,fy,home short cover by sophiestunes,True,21,comment what I should cover next! :) #fy #tiktokviral #viralsinger #alabamaarkansas #bekind #lifeathome,2020-11-28,sophiestunes,6900197975818095873
25100000,2500000,12000,26000,True,mix,original sound,True,40,"1,2,3,4 or 5???📸👆#mix #tiktokcreator #creative #jadsedardkomitao #photo #vfx #gopro #sunset #photomagic #poto #fly #fyp #verifyme",2020-10-05,zayn_inzi,6880196605513927938
1200000,102500,1243,1634,False,wraps,Jailhouse Rock,False,54,Antwoorden aan @logiciv Wie maakt ze ongeveer het zelfde? 😋 #wraps #tortilla #koken #fyp #onabudget #chicken,2020-10-05,chef.lukeyluc,6880122437594270978
31900,712,4,11,False,art,Hai phút hơn,True,7,Do u like?#art #drawing #decoration #painting #fyp,2020-12-14,jackbobo8,6906048081628859650
9282,1222,25,7,False,fyp,Original Sound,False,10,i hate my voice #fyp #JoyWithPret #billieeilish #lesbian #gaygirl #lgbt #foryoupage #viral #trend #xyzbca,2020-11-21,ebonyalicia,6897549344015371521
50500,1689,46,11,False,duet,Applause lady Gaga,True,15,#duet met @jessevdreek  we live in slowmo.. #pov je loopt langs onze vriendengroep..,2020-11-06,ninadewilde1,6892133738705177857
24000,3380,103,55,False,anime,Just Dance,False,25,HBD to me 🥳 #anime #weeb #otaku #lovelive #animeedit #animeedits #yoshiko #yoshikotsushima #lovelivesunshine #fyp,2020-10-11,josh_senpai_,6882317577692138754
67800,2488,39,217,False,excavator,Welcome to Jurassic Park,True,15,#excavator#jurassicpark,2020-11-24,marcelschaap,6898628429298568450
27700,678,329,39,False,dilemma,origineel geluid,True,42,#dilemma #vlees okee laat het allemaal even weten ik weet t namenlijk nie meer #fy #dutch,2020-12-04,xliefsjoy,6902451462962547969
76500,6063,838,89,False,fyp,Thank you all for using my sound,True,17,8 week cut #fyp #gymshark #fypシ #fatloss #progress #motivation #transformation #diet #natural #pain #body #how #viral #OOTD #Catchphrases #abs,2020-12-11,cjrfit,6905109455466220805
493900,62200,3735,352,False,ashmezz,origineel geluid,True,30,😬#ashmezz #voorjou #voorjoupagina #nederlands #nederlandsetiktokkers #nederland #tiktokholland #dutch,2020-11-04,ashmezz,6891275439826930946
50500,810,8,9,False,duet,original sound,True,15,#duet met @elisavanleersum,2020-10-21,matthijs_p,6886066384246443265
3500000,116400,713,9077,False,,Take You Dancing,False,20,Powder room make over.,2020-11-02,mrsgiacalone,6890329452253908230
35800,6103,438,52,False,nederland,Kygo & Labrinth - Fragile,True,8,If you’re a girl with brown eyes hmu👀 #nederland #vibetiktok #british #fy #likelike #liamkratos #tiktoktraditions #fyp #foryou #dutch,2020-11-09,liamkratos,6893087415263644930
64800,2079,101,43,False,fy,only legends use this sound,True,10,🤷🏻‍♂️🙄 #fy #fyp #foryou #foryourpage,2020-12-11,rayhethertje,6905053286374706433
107600,5047,61,44,False,fyp,How Bizarre,False,9,if you know you know #fyp #voorjou #dutch,2020-12-08,iriswaarbieris,6903954146630569217
54900,8146,100,13,False,,Viva La Swing aka #SandoTwist by @Abiud_Sando,True,15,no one wants to help me make a tikytoky so I found a way to do this on my own,2020-10-06,classicmadii,6880592183720676614
32000,3725,26,13,False,foryou,sonido original,True,8,Missen jullie de feesten ook zo? (Insta: larsspeters) || #foryou #voorjou #dutch #school #party #toets #tentamen #fyp #sad #single,2020-12-08,larsspeters,6903908757386841346
179000,6127,111,125,False,training,Lemonade,False,7,"En dan vervolgens gwn een halfuur zo op je bed blijft ligge, dan weet je dat je heerlijk hebt getrained #training #uitgeput #moe #thuiskomen #temoe",2020-09-22,salvatore.ln,6875378565614013697
148300,11100,145,59,False,fit,original sound,True,7,My biggest asset 😂😉 #fit #fitness #gym #lift #fyp,2020-10-19,parmesan_1717,6885153736222706949
119000,17100,241,370,False,ronanvdloo,origineel geluid,True,58,Wie zou er op mij stemmen als premier?😆😆 tag iemand die te veel eet 😉 #ronanvdloo #volgderegels #ikdoemee #fy #fyp,2020-09-26,ronanvanderloo,6876805952117558529
427300,46500,124,2044,False,fyp,origineel geluid,True,58,This is so good! #fyp #f1 #funny #racing,2020-12-11,formule_1_facts,6904973629524692230
67200,7575,93,84,False,horadearrasar,som original,True,13,#horadearrasar #amizadeverdadeira,2020-12-03,henrydag10,6902038249573731586
98700,7996,29,5,False,,Monkeys Spinning Monkeys,False,31,Typisch Spaans 🇪🇸 eten proeven deel 1 🔥 Zou jij dit lekker vinden of niet? 👀 met @dvlsantiago,2020-10-04,nl.finn,6879724138114665730
382100,41500,368,86,False,,original sound,True,10,,2020-12-08,shehan951,6903923265945849089
14000,2171,12,2,False,,බොම්බයි මොටයි Youtube Channel,True,22,ආසවට කලේ😂,2020-10-23,j_a_n_a_k__a,6886654544126758146
61900,8971,271,67,False,greenscreenvideo,original sound,True,57,@sheismarissamatthews #greenscreenvideo #foryoupage #fyp #foryou #powerlifting #bodybuilding #deadlift #fitness #workout #fittok #powertok,2020-10-05,timmytimmadome,6879936527829404933
8916,428,4,0,False,,original sound,True,12,,2020-12-09,sithumchamikadhi,6904405263386758402
201400,30400,60,32,False,horse,Red Kingdom,False,9,So proud of how far Enzo has come... what do you guys think? #horse #eventing #training #equestrian #horsegirl,2020-09-23,elirose.equestrian,6875621663564680450
31700,498,329,8,False,vegan,XGamesMode,False,7,"Horses deserve to be treated with respect, not forced to carry tourists through the streets  #vegan #horse #animalrights #horsecarriage",2020-11-24,vegantrev,6898499724245093633
791000,103000,0,607,False,horadearrasar,som original,True,13,#horadearrasar,2020-12-10,ceciliamaria5677,6904638377530772741
6703,2231,18,2,False,timewarpscan,1 Mill vids omg,True,12,#VeryBlackFriday #joywithpret #timewarpscan #justdancemoves #duet #asosdaytofright #equestrian #horse #4yp,2020-11-23,ryan_fudge_1012,6898332186299337986
19400,2408,148,87,False,tharusha_shamal,original sound,True,35,හම්මෝ ඒක 😁😂😅 #tharusha_shamal #rastha_lions #boodle_gang #tiktok #foryou #foryoupage #comedy #funny #,2020-09-26,tharusha_shamal,6876643374548438274
95000,4937,25,410,False,fyp,Dreams (2004 Remaster),False,15,#fyp #fitness #ComingOfAge #mobility #movement,2020-10-22,shaun.abbate,6886459209051852038
143700,13500,564,49,False,duet,I started the nuke town trend,True,8,#duet with @asleep.emma #greenscreen #foryoupage #foryou #fyp #wwe,2020-12-06,fahedsakr,6902938842874121474
52300,4286,67,9,False,runner,you broke me first,False,8,super happy with the result but yea I slowed down so much... #runner #crosscountry #track #xc #gorun #fast,2020-10-09,emma.squires10,6881414725075242246
95900,12800,289,368,False,horadearrasar,som original,True,13,#horadearrasar,2020-11-22,eloine242,6898056960432704770
163400,15800,233,172,False,foryoupage,original sound,True,59,Follow for more lifting tips! #foryoupage #fyp #foryou #powerlifting #bodybuilding #squat #fitness #workout #fittok #powertok,2020-10-16,timmytimmadome,6884030480736324869
176500,15400,26,5,False,duet,original sound,True,5,#duet with @tanisssssss bruh 😂 #transition #transitions #singing,2020-11-23,torres.alejandro,6898178733824281861
43900,1386,75,68,False,horadearrasar,Comprei um Lança,False,13,#horadearrasar,2020-11-02,livia_alagoana,6890351133366209793
29200,1707,39,53,False,foryou,original sound,True,34,Try not to be jealous of my HUGE calves #foryou #foryoupage #fyp #fitness #bodybuilder #workout #exercise #aesthetics #gymshark,2020-10-16,evan_holmes_,6884031629522717953
40800,2036,16,20,False,duet,Mood,False,27,#duet with @matsoxnevad can’t build a house on a shaky foundation #GrowUpWithMe #tips #gym #health #workout #bodybuilder #fitness #FoodTikTok,2020-11-17,evan_holmes_,6895916039683525890
65200,7076,117,69,False,fyp,Wake Me Up Before You Go-Go,False,7,@officerkingery - I’m in. #fyp#fypシ#copsoftiktok#firefightersoftiktok#police#firefighter#rival#viral#duet#sorry#prankwars#xyzbca#joking#madrespect,2020-10-12,str8savage__,6882850172854979845
4100,288,16,9,False,kawaii,original sound,True,15,#kawaii# payton# addisonre# #queen #song #ninja# #wwe# use #funny#ozuna ##funny# video# like #karo##@naseer_baloch_006#@rashidkh@balochisking05,2020-09-30,nazartanhajan05,6878165800902085890
90300,26900,478,112,False,billieeilish,original sound,True,23,I’ll duet and redraw Billie in a year ✍🏼💜 #billieeilish #drawing #digitalart #digitaldrawing #procreate #realisticart #art #realism #fyp #foryou,2020-10-11,rubiixartxo,6882419822806699266
94300,2322,45,84,False,fypシ,DUMB DUMB,True,9,It happens sometimes...##fypシ #fy #fyp #areyoudumb,2020-12-01,anasiyer,6901276149175815426
201300,13800,85,302,False,treadmilldance,On My Mind,False,14,GUESS WHO ARE BACK? #treadmilldance #foryou #fyp #treadmillworkout #fypage #xyzbca #gym #workmate #colleagues,2020-11-09,sanderboek,6893247155738299650
41900,3230,114,46,False,transition,Promises (Skrillex & Nero Remix),False,20,#transition #edit #vfx #loop #promises,2020-10-31,trev1315_transitions,6889769258981575938
99700,2008,678,14,False,fy,Therefore I Am,False,14,Antwoorden aan @nitro_turbo #fy #xcbyza #house #1k #dollar #euro #google #googlemaps #maps #i #know #wherelive #hehe #come #andtry #fyp #fypシ #fya,2020-12-09,googlemaps696,6904227603067047170
384900,16800,121,226,False,themepark,Levitating,False,8,Look that splash😍 Fastest water rollercoaster in the world!😱💦 #themepark #omg #wow #water #energylandia #poland #rollercoaster #intamin #fy #pov #a,2020-10-10,themepark_explorers,6881909763723037954
224000,21600,376,516,False,cartiktok,WITHOUT YOU,False,10,#cartiktok #bmw,2020-12-02,timmetje19,6901787858395286786
88900,2083,19,2,False,boxjump,You & I,False,7,Reply to @jamoo12345 don’t underestimate my hops 💁🏼‍♀️ #boxjump #strongwomen #athlete,2020-11-15,jessstjohn_,6895156886409137410
161400,32000,1600,127,False,foryou,original sound,True,14,FR ! Lol#foryou #dunkin #charli #viral,2020-12-07,chqrlxstarr,6903653180282817794
102500,8639,459,496,False,fy,original sound,True,9,Zuur-base reacties 🙂 #fy #fyp #viral,2020-10-21,s.tefan3,6886068485345070337
119700,5494,213,20,False,fyp,original sound,True,14,⚠️Warning⚠️ ❄️ and hypocrites inbound #fyp #gym #lift #workout #pr #viral #motivation,2020-09-23,reece.lowery,6875749962681044230
14900,689,36,3,False,klein,Klik op de naam hieronder en lees de bio,True,8,#klein #foryou #fy #fyp #voorjou,2020-11-18,sanne..alise,6896576430491143426
125200,8819,341,963,False,voorjou,try to be cool but eh,True,9,altijd geïntimideerd wel #voorjou #voorjoupagina #vjp #fyp #foryoupage #xyzbca #tiktoknl #viral #bmw #tiktoknl #voorjou,2020-10-08,spacedais,6881317813173095681
50700,6199,288,294,False,billieeilish,original sound,True,47,if I had a verse on ‘therefore i am’ by @billieeilish ✨ #billieeilish #thereforeiambillieeilish #freestyle #rap #music #singing #billie,2020-11-19,elliedixonmusic,6896885048063167745
45500,2497,28,27,False,foryou,origineel geluid,True,14,Ruut doet mee aan de hype 😂 #foryou #fyp #voorjou #voorjoupagina #foryoupage,2020-12-08,npo3nl,6903854177072499969
376400,49400,123,37,False,fyp,origineel geluid,True,7,Daarom heb ik geen modelface. 😂 fy #fyp #model #modelface #50plusontiktok,2020-09-22,irmaknol1,6875342937002085633
6792,1105,85,39,False,iloveyou,Olivia,True,11,"Come on Tiktok, make one go viral. #TFBornThisWay #iloveyou #olivia #trending #onedirection #1d #transition #peakyblinders #fyp #4u #thomasshelby",2020-11-03,captain_morgan16,6890991934324755713
60900,3119,9,11,False,quad,origineel geluid,True,8,#quad #fy #race #motor #sport #work,2020-11-04,michael2399,6891273557981023489
57400,1325,117,8,False,,Stolen Dance (Tribute to Milky Chance),False,15,,2020-10-15,blogmamanl,6883896778995846402
69000,11400,86,14,False,fyp,origineel geluid,True,15,#fyp #fyp #maximemeiland,2020-10-05,irmaknol1,6880162735208877314
52700,5887,29,28,False,boodschappen,origineel geluid,True,16,Zo de basics zijn ingeslagen 👌 grapje natuurlijk🤪 #boodschappen #appie #weekend #voorjou #expectations #reality,2020-12-12,hallometkristina,6905356954621824257
605800,40600,696,2214,False,gymfail,original sound,True,11,@mikeohearn #gymfail #cringe #gym #bodybuilding #fitness #powerlifting #fyp #viral #xycba,2020-10-11,marekszatanik6,6882404595394563330
232200,51700,588,57,False,,Originalton,True,29,thank you so much for everything i love you all so much💛,2020-10-09,mckinley.braun,6881502944353717506
245100,27900,535,934,False,tiktoknl,origineel geluid,True,33,mijn jeugd in een notendop @the.g.moore #tiktoknl #nederlands #agv,2020-12-17,tessscholten,6907253227490725122
124400,17400,236,1245,False,fyp,Worship Instrumental - Instrumental,False,16,#fyp #fitness #crossfit #weightlifting  #girlswholift #eddygee #wheymen #MotivationMonday #gymhumor,2020-11-09,eddygee,6893253061305732357
352200,26400,977,2421,False,jumpstyle,origineel geluid,True,22,Wie herinnert zich dit nummer nog ? #jumpstyle #2007 #voorjou #jumpen #xyzbca #vooru #vroeger #foryou #jeugdsentiment #fypシ #fyp #jeckyllandhyde #fy #,2020-11-29,bramovic0183,6900492821862599938
52100,4620,14,139,False,landonorris,origineel geluid,True,59,Who still remembers that Lando Norris called F1 drivers during his stream for some tips 😂👀 #landonorris #f1 #formula1 #formulaone #georgerussell,2020-12-16,gpblog.com,6906880148352552193
81700,3337,48,56,False,,original sound,True,14,,2020-11-09,shahrukh86786,6893028172024139009
83500,7191,181,98,False,fyp,Watch out stepsis...,True,11,This is a true story😂😭 Ninja Punch City #fyp #foryoupage #fypシ #militaryhumor #marines #navy #army,2020-10-16,mollsballscarl,6884266018936573189
26200,3965,75,13,False,canada,Ball So Hard,False,15,Thank you for 40K! 🥳 | #canada #foryoupage #fyp #foryou #4u #viral #transition #transitions #transitioner #lipsync #trend #trending,2020-09-26,oliviagracehenry,6876645435625262338
58000,8135,250,35,False,foryoupage,original sound,True,29,Please blow this up so that my dad doesn’t make me delete it hahah #foryoupage #fyp #foryou #cheatonmeidareyou  #greenscreenvideo #VibeWithUs,2020-09-26,susi.vidal,6876603307708665093
70600,1590,34,19,False,fyp,Work Out (Talkbox),False,8,Grip Strength Movements #fyp #grip #bodybuilding #FallAesthetic #DoggyAnthem #StrapBack #razrfit #fitness #gym,2020-10-07,shotgod68,6880750408302693637
72100,21300,513,213,False,fyp,original sound,True,44,💙 #fyp #foryou #foryoupage #FootlongShuffle #GhostMode,2020-10-11,bundaddy,6882436135214238981
4100000,558800,4522,2853,True,,original sound,True,27,I can’t not sing the guitar solos...,2020-10-12,kallmekris,6882769301615496450
4620,206,7,0,False,foryou,original sound,True,15,#foryou #bhuran__tv #standwithkashmir #foryoupage #fyp,2020-10-22,khanzada3160,6886265289206435074
1853,142,12,69,False,newtrend,الصوت الأصلي,True,14,video khrb ogae 😂😂#newtrend #foryou #foryoupage,2020-10-21,mr.sajidkhan14,6886060490687106306
68200,7742,92,212,False,armday,Whoopty,False,18,this thought lives in my head #armday #triceps #fittok,2020-12-19,logyfoote,6907997809094495494
161100,26600,319,81,True,,original sound,True,14,Nailed it 😤😤,2020-10-07,_itsnate,6880741941860928773
83500,5594,183,58,False,fyp,HOLIDAY,False,14,brought em back ‼️💈#fyp #foryou  #xyzbca #barber #transition,2020-12-10,rockybrim,6904778229526039813
40200,4593,93,17,False,horadearrasar,som original,True,13,Eu amo tudo isso ♥️ #horadearrasar #cordecabelo #fyp #cabelo,2020-12-11,zereslim,6905010590108978437
60400,11700,43,110,True,csgo,original sound,True,13,"This guy pushes your smoke, what do you do now? 👀👀 #csgo #counterstrike #smoke #meme #greenscreen #wwe",2020-10-16,thescoreesports,6884340073693859074
28100,499,12,1,False,foryou,The Business,False,5,💩Poopy pull💩#foryou #fyp #foryoupage #fitness #gymshark #bodybuilder #powerlifting #exercise #workout #deadlift,2020-10-12,evan_holmes_,6882547868792524034
192700,23500,1238,1146,False,,original sound,True,59,,2020-10-07,monomezurashi,6880671806965959938
61500,1693,168,28,False,bigbendstrong,original sound,True,15,What can you press? #bigbendstrong #fittok,2020-10-13,bigbendstrength,6883082488101555462
143000,12000,64,220,False,,Fight Song (fast),False,15,Fight song 💪🏼 dc: @britini_dangelo,2020-10-07,lindeverbakel,6880865616215952641
113400,4774,255,87,False,running,Remember the Name (feat. Styles of Beyond),False,9,12 KM RUN ❤️ ARE YOU READY? IG: thefashionjogger #running #workout #fyp,2020-11-27,thefashionjogger,6899861794760690945
11300,1744,12,1,False,izabella,KYN,True,12,#izabella #izabellavoldigoad #themisfitofdemonkingacademy #misfitofdemonacademy #anosvoldigoad,2020-10-01,valeriecosplays,6878531534303857922
394000,29900,462,107,False,skittles,Among Us,False,14,#skittles sorted by color 😝! #allweneedisglam,2020-12-18,mibouma,6907614572048305409
79500,15000,276,504,False,stitch,original sound,True,15,#stitch with @midwestswingin #ThinkingAbout #UpTheBeat #fyp #fypシ #foryoupage,2020-12-08,madduxplatt_t,6903940573091187973
102100,12700,242,725,False,,original sound,True,16,The Clifton Mill 🍷 @oogsydney,2020-12-13,riovacci,6905849998680820993
41200,1396,10,33,False,deensupermarkten,who in the h3ll put the muffins in the freeza,True,8,Wanneer klanten producten niet op dezelfde plek terugzetten.. #deensupermarkten #fy #fyp,2020-10-08,deensupermarkten,6881237651702254850
152600,5979,94,860,False,shuffletutorial,原聲,True,20,The most important move to learn if you want to start shuffling! #shuffletutorial #cuttinshapes #dancechallenge #dance #shuffle #shufflemusic #fyp,2020-11-03,zundervan,6891048135716506886
1000000,67200,739,535,False,outfits,check out YEAH DONT CARE on spotify iTunes etc,True,20,outfits of the week... basically baggy pants and a top 🤍 which one was your favorite?? #outfits #mondaytuesday,2020-10-25,everyprofilenameistaken,6887527163617201410
44400,2973,118,130,False,fy,suono originale,True,6,Sorry neighbours❤️ #fy #fyp #michaeljackson #michael #jackson #foryou #foryoupage #vj #voorjou #vjp #voorjoupagina #music #dance #crazy,2020-10-27,jellemorcuss,6888322901305478401
58900,2802,50,24,False,fy,Play Date,False,14,Vandaag stond ik in het AD Rotterdams Dagblad en online 🥰 was erg leuk om te doen! #fy #fyp #foryou #foryoupage #buschauffeuse #hoekschewaard #bus 😎,2020-10-01,lizette.dg,6878665609870052610
496800,60300,503,168,True,alexklein,Kan je nou eens stoppen met die Peep TikToks,True,9,Sorry hoor.. 😂 #alexklein #foryou #foryoupage #fyp,2020-10-10,alexklein_,6882038951134137601
6700000,590400,2976,34400,True,wantthischallenge,son original,True,36,You want this...try this 💪🏾 #wantthischallenge #fyp #foryou #fitness,2020-12-01,you1stlondon,6901322841849974017
147600,8013,98,280,False,fyp,origineel geluid,True,6,tag een luilak😴😴😴  #fyp #fy #lui #lieverluidanmoe,2020-10-20,josephinekeunex,6885779594901867777
183300,23700,155,452,False,snowboarding,Music trap,True,10,Ready for winter?🤙 @23nils23 #snowboarding #skitok #fyp,2020-11-11,dopesnowco,6893823598432226561
89600,4703,36,14,False,duet,Whole Lotta Choppas,False,12,#duet with @moomie.pie #foryoupage #fyp #foryou #powerlifting #bodybuilding #deadlift #fitness #workout #fittok #powertok,2020-09-30,timmytimmadome,6878282456382835973
598200,88900,338,127,False,,original sound,True,16,This took me a month,2020-12-20,jadeanna_,6908336148037274881
212700,8232,35,74,False,gifts,origineel geluid,True,6,"Allebei lekker geshopt bij de Hunkemöller, dit was het eindresultaat #gifts #hunkemöller",2020-12-04,doortjevdelzen,6902512873109605634
76400,7222,287,1283,False,foodie,Papi Chulo,False,15,Find this fiesta at Mama Kelly in Amsterdam✨🌮🌯 seriously though: Tacos or Burritos?🤔 #foodie #foodlover  #tacos #mexicanfood #amsterdamlocal #nl,2020-12-03,hotspotdoctor,6902048025334615297
69700,1112,107,291,False,,origineel geluid,True,28,Dat laatste pakt me 😂😂,2020-12-09,sportpoeder,6904384164641000705
42300,12600,252,74,False,alastorcosplay,OMG COOL COSPLAYS GUYS,True,9,♥️Who’s your favourite Hazbin character and why? Take a wild guess at mine XD #alastorcosplay #hazbinhotelcosplay #shouldvepickedmercy #transition,2020-12-10,8bitrainbow,6904726306047446274
292500,21700,78,1103,False,redbull,origineel geluid,True,41,Factory days #redbull #redbullracing #f1 #formula1 #fy #fyp #foryou #foryoupage #viral #tiktok #xyzbca,2020-11-29,f1_flat_out,6900478499933408513
161200,30700,827,1059,False,amongus,origineel geluid,True,18,Tag je 2e@ en 4e@ en zeg niks🙅🏻‍♂️😳insta:Sarkissakoo🔥#amongus #amongusfamily #game #dutch #tiktok #nederland #dutch #nederlands #voorjou #viraal,2020-11-20,iamsarkis,6897200586106752258
7900000,759200,4100,51500,False,jinglebells,Originalton,True,21,Thai Airways A380 plays Jingle Bells.  We wish you a wonderful christmas time. #jinglebells #a380 #thaiairways  #miniaturwunderland #christmasmusic,2020-12-10,miniaturwunderland,6904650067999821057
154200,16000,139,1809,False,formula1,origineel geluid,True,33,Carlos was so confused😂 #formula1 #carlossainz #landonorris,2020-12-11,formula1.fan,6904978624085069057
86500,1993,34,6,False,welldone,Follow Kologuy,True,12,"This is everywhere and idk who started it so idk what creds to give, but this, this makes me happy #WellDone #fyp",2020-10-31,madison_lippy,6889624721005006085
251500,16400,106,166,True,hamilton,origineel geluid,True,11,Lewis was not amused by Max back then 🤭 #hamilton #verstappen #bahraingp #f1 #formula1 #racing #ziggosport,2020-11-24,ziggosport,6898642858484567297
20200,379,192,97,False,foryou,original sound,True,12,Reply to @harryseddon69 Help pls 🙏🙏 #foryou #fyp #gym #workout #deadlift #💪 #viral,2020-10-23,kieranwyndavies,6886843424310414594
61700,9085,118,22,False,foryoupage,original sound,True,57,Reply to @erickg93 self love comes first #foryoupage #fyp #foryou #powerlifting #bodybuilding #deadlift #fitness #workout #fittok #powertok,2020-11-07,timmytimmadome,6892440916234210566
58500,7986,165,65,False,horse,Oh No,False,13,🤦‍♀️ #horse #ohno #royalwinterfair #horseshow #equitation #fyp #disqualified,2020-12-02,skittlestheyorkie,6901458108372077826
31300,1763,68,25,False,morning,original sound,True,6,its a lifestyle. Who can relate? #morning #working #riseandshine #lifestyle #dailyroutine,2020-11-25,blake_ouellette,6899001802130197761
6903,1374,29,8,False,animeedit,оригинальный звук,True,47,#animeedit #anime #аниме #edit #recommendations #luffy #ванпис #onepiece #bellaforteens,2020-11-21,_do_nya_,6897397404421688578
52800,5246,30,265,False,ميرنا🐎,الصوت الأصلي,True,17,#ميرنا🐎 #اللهم_صلي_على_نبينا_محمد #صلو_عليه_شفيع_الامة #deepthoughts #transition #horse #عاشق_الخيل❤️,2020-12-16,hamzasamearfoqaha,6906797341341224193
222000,63600,2702,1446,False,parati,sonido original,True,12,#parati #foryou #dakaretaiotoko #videoedit #yaoiedit #bl #animeedit #fujoshi #fudanshi,2020-12-08,sicrosub,6904037272048389378
611100,132900,2937,837,False,greenscreenvideo,Overwhelmed remix by Itsluxcity Christian Gates,True,19,Like and follow for part two | Discord link in bio #greenscreenvideo #ThinkingAbout #anime #fyp #animeedit,2020-12-09,plantain._man,6904096377152785665
54500,9129,231,59,False,foryoupage,original sound,True,39,🤡 #foryoupage #fyp #foryou #powerlifting #bodybuilding #deadlift #fitness #workout #fittok #powertok,2020-10-26,timmytimmadome,6887946160837790982
52600,6319,91,5,False,stitch,HOLIDAY,False,21,#stitch with @kylekilpatrickfit #foryoupage #fyp #foryou #powerlifting #bodybuilding #deadlift #fitness #workout #fittok #powertok,2020-12-11,timmytimmadome,6905060523184901381
81300,9073,130,14,False,foryoupage,original sound,True,57,Reply to @jack_weight #foryoupage #fyp #foryou #powerlifting #bodybuilding #deadlift #fitness #workout #fittok #powertok,2020-10-08,timmytimmadome,6881353341465611525
155500,34100,204,245,False,haikyuu,Akatsuki theme,True,33,theres no where near enough appreciation for this man #Haikyuu #ennoshita #animes #animee #animeedit #cool #fyp #foryou #4u #animeboy #haikyuuedit,2020-09-22,buutterrr,6875436892226178305
71000,3200,36,27,False,,Oh No,False,15,Back day tips!,2020-11-27,hayhayworkout,6899867641570135302
230700,39200,250,103,False,hirugashi,sonido original,True,42,#hirugashi#sad#anime#animeedit#animes#viral#tendencia#fyp#parati#protec#love#amor#otaku,2020-12-03,maxzg7,6902096916776209665
188400,26700,356,340,False,siguiendo,sonido original,True,26,#siguiendo#follow#viral#fyp#parati#anime#otaku#fyp#animeedit#loli #kawaii,2020-10-30,maxzg7,6889414816922930433
977,307,5,0,False,foryou,original sound,True,15,Bhut Mehnat lagi hai eb to viral kardo tiktok walO #vivoy51style #foryou #100k #foryoupage #viral_video #keepsupporting #1millionaudition,2020-10-06,zohaib_ali05,6880501583231061249
74000,8839,436,43,False,warrantofficer,Nocturnal Jam,False,17,Reply to @willelrod2 it gets better. #warrantofficer #DejaTuHuella #miltok #chieftok #fyp #foryoupage #HaventSeen #PlantTikTok #MakeItMagical,2020-12-17,onexpunchxdad,6907309069904776454
436400,2906,49,82,False,foryou,origineel geluid,True,15,Bathroom cleaning part 4. After EVERY hairwash-time it’s gets so dirty and slimey😩 #foryou #fyp #clean #cleaning #tiktokcleaning #bathroomcleaning,2020-11-11,rebeka0730,6893846505656995073
634300,8348,26,4447,False,paint,ANYMORE,False,13,#paint #easydraw #childrendrawing,2020-09-29,wpsj2,6877789463221947650
47700,3644,19,7,False,horse,Potential Breakup Song,False,10,it took too long⏰  #horse #equestrians #twins #fyp #foryoupage #makeusfamousthx,2020-11-10,bhousetiktokers,6893481053441281282
285700,12200,195,1926,False,scaniav8,Pilfingerdansen - Remix,False,12,#scaniav8  #theklokoprock #mikeymike #nieuwerondenieuwekansen  #Oldskool,2020-10-22,mikevanmil,6886450016785894658
46800,7045,232,88,False,fyp,NIGEL SEAN FRIEDEPIEPOL,True,20,oops... #fyp #foryou,2020-09-25,sem.houmes,6876369534018669825
32800,6834,76,5,False,parkour,Oh No,False,9,Who say my Pokémon boxers at the end?! 😂😂😂 #parkour #fail #ohno #spiderman #cosplay #ohnono,2020-12-09,the.nick.pro,6904271117783928065
34300,2384,60,28,False,francisxvk,Laat je gaan,False,10,Wat een top nummer 🥳🥲😂 #francisxvk #foryou #geefjeover #geefjehelemaal #pink,2020-11-28,francisxvk,6900256765527477506
44600,1397,297,61,False,vuurwerkverbod,origineel geluid,True,15,blijf vechten voor onze vrijheid! #vuurwerkverbod #mondkapjesplicht #langefrans #paulelstak @tisjeboyjay,2020-11-27,baasirr93,6899736406495677697
62400,12400,702,66,False,stitch,original sound,True,13,"#stitch with @annaxsitar yes, im napping in my car. #military #miltok #army #navy #marines #airforce #fyp #foryoupage #UpTheBeat",2020-12-10,alexjfish27,6904736629454359813
348600,19600,142,68,False,fyp,origineel geluid,True,10,"ya girl is negative, no worries 💚💚💚 ic: @emmakeuven #fyp #keigoed",2020-12-12,everyprofilenameistaken,6905378500392324354
47300,1535,96,159,False,fyp,Mariners Apartment Complex,False,19,#fyp #voorjou #rechtenstudent #student #voorjoupagina,2020-10-31,daniquekrommenhoe,6889818292337249538
30300,2520,43,7,False,,Bäd gúy ręmįx,True,7,Red moment,2020-10-14,reneeelward,6883508337380478209
129900,6276,50,320,False,fyp,origineel geluid,True,12,#fyp #jenga #fy #cheating #vals #spelen #friends #lol #frontpage #game #jengablocks #jengagame,2020-10-30,moskoman,6889521293306236161
44600,937,26,6,False,train,Words - Original 1982,False,13,#train #cabride,2020-11-07,debuffel,6892449418851716354
337000,28800,181,283,False,greenscreenvideo,It's Tricky,False,15,gotta have fun during batting practice #greenscreenvideo #fyp #foryou #viral #trending #memphissoftball #RecordsDay #NBADraft #,2020-11-18,softballkendall5,6896543335259933958
322100,16700,174,13,False,elknadeelheeftznvoordeel,origineel geluid,True,25,Mondkapje op en je hoeft de helft maar te doen! 😷 #elknadeelheeftznvoordeel #bespaartip,2020-12-15,claudia1099,6906565635371764993
1500000,145200,1444,1219,True,meesdix,Chicken Wing Arab Zaffe by Saif Shawaf X Asaladabk,True,13,@giolatiktok @meesdik #meesdix @tiktokkiedon #dondejong #dutchperformante #challange #giolatooy #knolpower #fy #viral #fyp #foryoupage #foryou #chick,2020-12-12,dutchperformante,6905462755919269121
186800,58000,725,1417,False,parati,sonido original,True,13,#parati #anime #videoedit #foryou #fyp #japon #animeedit #haikyuu  #haikyuuedits  #paratodos #animation,2020-11-02,sicrosub,6890631109583867137
345200,17100,321,84,False,foryou,nhạc nền - ☘️Trà Đặng☘️,True,10,vooral bij turkse bruiloften😂 #foryou #ryfc,2020-12-14,rumeysayurtbay,6906224943332068610
246900,14400,295,769,False,fyp,ICE (feat. MORGENSHTERN),False,15,Vies eigenlijk #fyp #voorjoupagina #dutch #vjp #viraal #dutchtiktok #voorjou,2020-11-02,manlikejibss,6890568657986931970
153100,22800,297,800,False,gym,original sound,True,14,I think he’ll win until he retires. #gym #fyp #mrolympia #parati,2020-12-20,tudo.fit,6908298047470472450
49000,1806,7,2,False,comedia,Oh No,False,15,Comedia jajaja#comedia #fyp #sigueme #parati #comedia #destacame #comedia,2020-11-08,patataslays2,6892735023372389634
80500,4239,206,829,False,foryou,origineel geluid,True,59,"Vorige gerapporteerd, diegene mag zn teen stoten #foryou #fitness #training #chestday #workout #muscles #gains #joelbeukers #techno #c4 #jack3d #fyp",2020-11-04,roykevdh,6891327911140314370
1100000,136200,934,1284,False,,original sound,True,23,I can see your 😇,2020-09-30,kellanandkevin,6878404258367163654
190100,29500,841,2232,False,fy,origineel geluid,True,58,Waarheid... #fy #foryou #voorjou #funny #netherlands #viraal,2020-11-26,emin.skenderovic,6899499316600147201
35400,2190,74,70,False,fy,origineel geluid,True,7,Lil Kleine lacht Nederland uit vanwege lockdown #fy #foryou #foryoupage #fyp #vj #voorjou,2020-12-14,jackabaasnl,6906112097554271490
113300,7940,91,117,False,sad,Fuck It Up,False,10,Finals are over and the only thing I wanna do is make tik toks but I lack the dancing/rhythm part :( #sad #UpTheBeat,2020-12-08,pounda11,6903990740993477894
37500,4074,78,23,False,horadearrasar,som original,True,13,Quem ai recicla? #horadearrasar #tiktok #foryoupage #fypgakni #fyp #youhaveto #teletransporte #tiktokindonesia #fypシ #foryou #funny #fy,2020-11-03,biismarcksantos,6891017445188848898
71600,7216,181,220,False,duett,original sound - carl_edit,True,8,#Duett mit @carl_edit2 #animeedit #animeboy #weebtiktok #animeart #fürdichpage,2020-12-18,7deadlysinsweeb,6907570846215294210
28600,1778,55,2,False,duet,original sound - elroykamalraj,True,15,Reply to @babyboy90kids Sid sriram voice 🙏🏻❤️🍌#duet #funny #joke #tiktok #trending #royofficial #tiktoktamil #tiktoktamil,2020-11-19,royofficial_7,6896759523105672449
12300,1401,5,1,False,,original sound,True,18,පවුලේ උන් එක්ක දවසක්,2020-10-11,yohankawidu6257,6882348124120108289
236000,57000,490,115,False,equestrian,original sound,True,6,How fast can you get your stirrup 👀 #equestrian #horsegirl #horseriding #horse #dressage #equine #stallion,2020-12-18,erinwilliams_1,6907659902789897474
125200,7281,175,226,False,xyzbca,original sound,True,11,New YouTube video is now live! Link in my bio!📲 #xyzbca #fyp #fory #workout #gymbro #training,2020-11-14,cav_z_fitness,6895042572994104581
88800,8851,334,115,False,aginggracefully,オリジナル楽曲 - 🐷きょっちゃん🐽,True,7,"Early to bed, early to rise #aginggracefully #singlelife #fyp #transition #bedtime #parati #paravoce #tiktok2020 #saturdaynight #TikTokFood",2020-10-25,tiagovargasrj,6887391026848320774
56700,1016,31,19,False,fitness,Away From You,False,13,"Ofc there's much more, but these are the basics - when done right will get you results 👌 #fitness #diet #training",2020-10-04,marqsheino,6879844969687878914
311800,13100,1191,4285,False,,suono originale,True,8,whoops it was too fizzy 😄,2020-12-02,rayray02020,6901592880129805570
43500,3355,28,47,False,,original sound,True,10,🤣🤣මම ලියන එක නැවැත්තුවා🤣🤣,2020-10-20,___h_a_r_s_h_a___,6885582410579184897
95000,16400,520,25,False,fyp,original sound,True,49,"2nd in NOVICE, 3rd in OPEN! I love you. #fyp #bodybuilding #fitness #motivation",2020-11-14,westonsgarland,6895089837150440710
30100,1650,37,26,False,fyp,original sound,True,41,Hope this changes your life #fyp #foryou #foryoupage #fitness #gymshark #bodybuilder #nutrition #diet,2020-10-02,evan_holmes_,6878834531911224577
33700,3181,16,3,False,stitch,original sound,True,15,#stitch with @barbarianbody - this must be amateur hour. #noexcuses #alpha #legs #squat #deadlift,2020-12-16,benjamin_robert_graham,6906640842543418630
47700,2940,52,20,False,horadearrasar,som original,True,13,#horadearrasar,2020-11-14,augusto.lopes,6895072166828576001
69900,4124,62,130,False,fitnesstips,original sound,True,15,Shoulder tip #fitnesstips #trainingtips #strong #shoulders,2020-10-24,matthamptonpt,6886981950180003073
64400,13300,569,101,False,,original sound,True,34,Reply to @adamcalhoun1 This has been fun 😁,2020-11-24,chris_wells_,6898523009406045445
12100,1868,263,123,False,foryou,Axe bahía Kiara Ventura,True,15,Os PIORES signos para namorar! Qual é o seu? #foryou #foryoupage #lgbtq #horadearrasar #signos #signoszodiacales,2020-09-27,alysantana.tk,6877178763474423041
78100,22000,900,337,False,greenscreensticker,original sound,True,59,#greenscreensticker #okboomer,2020-10-07,macsmisadventures,6880848041792802053
12800,1335,32,1,False,football,Freed From Desire,False,23,#БезОстатка #football #rec #krotik26 #recommendations #рек #футбол #рекомендации,2020-12-01,krotik26,6901216725325384961
85900,2395,38,269,False,backstreetboys,Larger Than Life,False,29,This is ma jam! @backstreetboys @nickcarter @ajmcleanofficial #backstreetboys #largerthanlife #fyp #foryou #foryoupage #MotivationMonday,2020-11-09,otterworldly,6893175582482255109
50500000,4100000,12500,20000,False,martialarts,Choices (Yup),False,14,How not to do it and how you should do the technique! #martialarts #selfdefence #techniques #yep #nope,2020-10-06,lvl.up.martial.arts,6880410980434660610
145100,10600,101,162,False,billieeilish,original sound,True,58,sing this one with me! When the party’s over #BillieEilish #fyp #foryou #singingduet #duet #singing #singersoftiktok #singers,2020-09-30,rorymckenna93,6878259877353966850
55600,1579,13,8,False,fyp,Follow Me,True,13,So I broke a piece of my teeth yesterday :) #fyp #fy #chachaslide,2020-12-19,racheljohnie,6907916640386813185
165800,12100,161,270,False,xyzbca,WAT MOET IK DAARMEE,True,9,Fijn om het cijfer van een complete stranger te weten✨ #xyzbca #foryou #nederland,2020-11-07,gulianus,6892345024227331330
100500,7268,100,480,False,shufflechallenge,原聲,True,19,Learn these basic moves to get comfortable with shuffling! #shufflechallenge #shuffletutorial #dance #dancechallenge #cuttinshapes #shuffle #shuffling,2020-10-23,zundervan,6886946250336324870
170100,18900,740,1708,False,dienstplicht,origineel geluid,True,8,zin innnn￼😐#dienstplicht #2003 #fyp #funny #meiden,2020-10-20,dewi_dik41,6885675789090704641
194200,23200,2104,51,False,fy,origineel geluid,True,16,So naar @royalistiq Sws! Uitbrengen🔥👀 #fy #fyp #voorjou #zingen #royalistiq,2020-12-08,jordystormyt,6903898067490163969
196100,22500,262,1396,False,fyp,original sound,True,16,can anyone relate 👀 #fyp #foryou #foru #fitnesspage #fitness #workout #gym,2020-10-12,fitsara,6882831253519731970
3100000,243400,739,2386,False,foryoupage,origineel geluid,True,25,👰 or 💰 #foryoupage #foryou #couple #funny,2020-10-15,kevin.verenice,6883841665841270017
23400,3139,135,49,False,europe,origineel geluid,True,57,"Hey @netflix you gave us Emily in Paris, here’s a newer idea #europe #america #emilyinparis #americanstory #fyp #newyork #losangeles",2020-12-04,americainperdu,6902406836176162049
64100,15700,465,231,False,strength,hometown slowed down twenty one pilots,True,24,Feeling my body get weaker #strength #cancer #hodgkinslymphoma #chemotherapy #gym,2020-12-17,minamicheal78,6907344809195736326
194600,34900,6423,53,True,,Goosebumps,False,14,Jij en je 2e @ mogen bij ons in het VibeHouse op bezoek komen... ga je?👀,2020-11-30,glenfontein,6900916467936529666
558400,76100,2325,1097,True,,3 Sum,False,15,Your 2nd & 3rd @ are down!😂🤷🏻‍♀️🙋🏼‍♂️💁🏼‍♀️ @erica_klein @brettmvrk @brettandkristin,2020-10-08,kristinfarina,6881040494332366086
215600,4194,73,29,False,,original sound,True,11,"Het is Dennis vergeven, maar ik zal dit nooit vergeten 💔",2020-10-02,fortunanius,6879086409496497410
270600,46500,902,243,False,gotothegym,"If I Had a Heart (""Vikings"" Main Title)",False,28,Reply to @frosty6892 Skål #gotothegym #viking #vikingtiktok #thor #mjolnir #fitfam #gymtime #workout,2020-11-26,papaswolio,6899557108593773829
58400,5534,38,54,False,skitok,San Andreas (Radio Edit),False,12,When you feel the first powder of the season😍🤤 @christof_schenk #skitok,2020-10-20,dopesnowco,6885654253826870530
1400000,106700,973,1901,False,volleyball,original sound,True,12,Wasn’t expecting that ending... #volleyball #pageant,2020-10-17,lillete,6884400510699343109
211800,2397,37,7,False,voiceeffects,original sound,True,7,#voiceeffects,2020-10-01,ishaqqureshi64,6878791400289225985
420000,22200,1006,2541,True,fyp,For Me,False,12,What is the most embarrassing moment that ever happened to you? @chersmarijkebotts @rfmondo #fyp #viral #comedy,2020-11-15,joannelopes,6895317957522541825
3400000,98100,153,3214,False,shoulderinjury,Tampa Curhat Beat,True,8,🛑 Again stop flaring out your elbows to the side during pushups! Avoid #shoulderinjury and #elbowpain #pushups #pushup #pushupform #chestday #chest,2020-09-30,deltabolic,6878138606205029634
66100,8161,131,420,False,fyp,origineel geluid,True,13,Stuur dit naar al je vriendjes die minder moeten snappen voor ze 1 miljoen hebben #fyp #hertje #fa2gang #zopepijn #kaaskomkommer,2020-11-10,zopepijn,6893521307023969538
31000,2308,97,74,False,motivation,Summer Vibes,False,34,Pure waarheid! Laat je nooit afleiden van je doelen & ga er met de volle 100% voor 🏆 #motivation #goals #viralvideo #stop #positivity #fyp #trend,2020-12-01,noahaltink,6901356285833252098
462600,23200,102,3008,False,fyp,Ashes,False,20,Still keep track of your calories! #fyp #abs #abworkout #homeworkout #foryou #viral #xyzbca #tiktok #fitnesstips #bulking #tiktokwellness,2020-09-25,chrisdesneuxjr,6876245387871587590
179900,9136,43,134,False,fy,North Memphis,False,18,Danny Ric and divebombs🤤 #fy #fyp #f1 #f1tiktok #foryoupage #danielricciardo #overtake #divebomb,2020-10-09,f1.daniii,6881741305345592577
267300,21800,80,457,False,drift,original sound,True,9,#drift #fyp,2020-11-30,redbull_clips,6901026135119760642
1500000,148800,2044,1021,True,tuzelity,оригинальный звук,True,9,In a Club в Пятером 😎🔥 Пишите флаг вашей  страны в комментариях 🏳️ #tuzelity #shuffle,2020-11-28,tuzelitydance,6900050539141270785
23300,2914,19,165,False,drz,Original Sound,False,10,DRZ400SM ❤#Drz #fyp #followyou #fypシ,2020-09-24,pandaboy790,6876007447883042050
32800,575,8,1,False,crossfit,Lose My Mind  - Radio Edit,False,9,Riding that moment of euphoria before  the🔥🔥#crossfit #training #fitness #trainingmotivation,2020-09-27,marqsheino,6877251331145370881
122000,4823,39,74,False,duet,original sound,True,7,#duet with @you1stlondon leg day everyday #coles76 #gym #legs,2020-11-08,coles76,6892582021672013061
79200,9030,239,63,False,fypシ,Ama mi audio es viral,True,8,#fypシ #recomendados #enparati #fyp #recommendations #fypシ #recomendados #enparati #fyp #recommendations #fypシ #recomendados #enparati #fyp,2020-11-16,beltran1612,6895851157751680258
9615,1671,62,6,False,,original sound,True,15,වට්ටන්න කියලා ඉතලා 💔😪👈🏻,2020-11-08,sankasandaruwan32,6892685850996509953
78700,8302,84,119,False,vscodered,original sound,True,13,❤️VS Code Red ❤️ #vscodered #horse #amazing #hi,2020-11-03,war._.horse,6890871255134752006
85600,580,0,256,False,fyp,For The Night,False,7,#fyp #lift #gymprogress #gym,2020-10-01,baileydoesfitness4,6878751105589824770
88300,3055,54,8,False,gymfail,original sound,True,21,i tried to hit 10 but nope... #gymfail #fyp #GhostMode #ItBeLikeThat,2020-10-11,canonroeder,6882153629034269957
301200,79900,1941,2305,False,anime,sonido original,True,52,#anime #animeedit #opening #rentagirlfriend #yourlieinapril #shingekinokyojin #naruto #evangelion #SAO,2020-11-02,sant2307,6890336478094773505
123900,32200,2186,215,False,wwe,original sound,True,53,Reply to @bodobodolikesu #wwe #therock #anime #animes #animegirl #weeb #otaku #manga #secretanimesociety #bnha #mha #naruto #dbz #haikyuu #fyp #vs #W,2020-09-29,reyvoices,6877747486451043590
24800,1504,65,4,False,transition,original sound,True,7,Pelirroja 👩🏾‍🦰 o castaña 🙎‍♀️?? #transition #cosplay #mera #aquaman,2020-12-11,edithfit_marmol2,6904798749290286341
191400,1744,290,194,False,workout,Say I Yi Yi,False,8,Doing some cheat rows at the gym a few weeks ago. Sometimes when you cheat with the weight you get big gains. Anyways stay motivated! #workout #gym,2020-11-04,ariega_on_the_beats,6891064220658502913
70600,7064,102,103,False,architecture,original sound,True,41,Proyecto HR Otro video de 1 millón!!👏🏼👏🏼👏🏼#architecture #construction #engineer #home #luxury #transition #interesting #foryoupage #foryou,2020-11-29,paulmtz1,6900396011722689793
25400,1770,29,38,False,rareaesthetic,CITY OF ANGELS 24KGoldn Funk Remix,True,35,Duet me with your push workouts #RareAesthetic #fyp #foryou #foryoupage #fitness #bodybuilder #supplements #workout #gymshark #exercise,2020-10-29,evan_holmes_,6888849748615367937
5127,572,38,39,False,,original sound - 🔥Sanjay Dutt🔥,True,12,,2020-11-04,muzamiltalpur7,6891284879233879298
10300,515,18,0,False,curfewdays,original sound,True,10,මේ දවස්වල තේ බොද්දි කන්න රසම රස කෑමක් ☺️ මම රසටම හදන්න දන්න කෑමක් මේක... කලින් video එකේ හදන විදිය දැම්මා .කියන්න බලන්න මේ මොනවද කියල🤫#curfewdays,2020-11-04,godhu93,6891256269898878209
1100000,102000,644,6645,False,horadearrasar,Mastiga Abelha - Ao Vivo,False,13,#horadearrasar #aquinao #sexta #sextou #agrobaby #agroboy #caipira #roça #sertanejoraiz #bebestiktoks #agro #trator #fyp,2020-12-05,vidadejosemarcos,6902555378651794690
90000,15700,142,125,False,gta,original sound,True,58,My Review On The RO—86 Alkonost #gta #gta5 #gtaonline #fyp #trending #popular #gta5online #recommendations #cayopericoheist #gtav #foryou #gta5update,2020-12-17,nichking04,6907297390638714118
38100,3402,26,14,False,transition,Hackearam-Me,False,12,MARQUE SUAS AMIGAS PARA FAZER TAMBÉM👰 #transition #criatividade #celular #flor #casamento #vestido #photography #wedding #viral #sabato #bota,2020-11-23,pardereis,6898394169249762562
488800,46900,489,812,False,calisthenics,#PlankChallenge,True,14,Rispondi a @puppy_love291 #calisthenics #fitness #foryou #perte,2020-12-15,matteo.paolini.88,6906519148025629953
87700,20200,333,543,False,quarantinemood,origineel geluid,True,32,I’ll just leave it here lol #quarantinemood #fyp #fy #foryoupage #songwriting,2020-11-29,_itsmaxineofficial_,6900563923892800769
43600,657,11,42,False,couple,original sound,True,8,the end😭 #couple #couplegoals #buttslap,2020-12-16,lifewithvesper,6906932916631129346
35000,2704,48,25,False,fyp,Nightcore Forever She looks so perfect Newk82,True,15,Looool I love this dance pls don’t come for me🥺😂 #fyp #foryoupage #edmonton,2020-11-11,tanyahartleyy,6893741937132604673
259400,1269,10,29,False,fyp,الصوت الأصلي,True,10,#fyp,2020-11-25,hindtje27,6899108523091823874
2400000,229800,5260,10900,False,dutch,The Avatar's Love,False,18,Learning to say goodbye in #Dutch 🇳🇱,2020-09-25,cl_audio,6876417380151479553
139900,5612,148,991,False,,Pascal Letoublon - Friendships（Remix）,False,44,Reply to @thatskie84 Here you go. I do have tutorial for each ones. So there are 4 steps you’ll need to practice.,2020-11-30,majepat,6901063021955681541
2100000,89100,678,124,False,feestiom,No Air,False,15,Reply to @hyphousestories2 Zo 😜 #feestiom #sportiom #kinderfeestje #bubbelvoetbal #kinderfeestje #jarig #feestje #zwemmen #water #verjaardag,2020-10-18,feestiom,6884947969469156609
157200,2471,10,7,False,fyp,Backyard Boy,False,25,part 1!!! #fyp #cleaning #howto #trending #foryou #themaincharacter #beforechristmas #trend #cute #cleantok #fall,2020-11-18,zow3y101,6896571117419416834
1800000,51000,522,3902,False,,som original,True,8,,2020-10-10,mihalceaanisoara,6882079709484649729
35100,2163,22,51,False,duet,I Believe I Can Fly,False,8,#duet met @viraalniels dit was mijn reachtie op dit filmpje😅😂😂😂😂instagram-lisanaomix#foryoupage #fypage #viral #duet #fyp,2020-12-10,lisadewal,6904651986059218178
3600000,161200,0,55500,False,fyp,Astronomia,False,15,🤩😎#fyp#foryou,2020-12-05,johna131,6902724999757532418
51100,6931,134,51,False,thanksgivingvibes,Conga,False,8,It’s hard to conga with sandals and slides 😁 #ThanksgivingVibes #RhymePOV #dance,2020-10-12,theduckoftiktok,6882854042016419074
2000000,171700,3770,11600,False,,original sound,True,5,Ouch 😬 @babybrandio,2020-11-07,riovacci,6892512401351085313
36900,2125,38,573,False,,origineel geluid,True,8,,2020-10-12,selenabosscha,6882734270910188802
188500,24000,134,481,False,joke,Roses (Imanbek Remix),False,11,When the gyms are closing so you hit a full body circuit 😂 #joke #fitness #fyp #foryoupage #pistolsquatchallenge #acrobatic,2020-10-18,littletfitness,6884777374508911874
189700,13500,115,328,False,voorjoupagina,origineel geluid,True,26,Kan er niks aan doen #voorjoupagina #fyp #fitness,2020-12-11,roxannekwant,6905063271129287938
226000,21200,301,239,False,herkenbaar,origineel geluid,True,24,Dusss 🙄 Insta: @esmeejoanna #herkenbaar #herkenbaresituaties #voorjoupagina #grappig #lachen #jeugdvantegenwoordig #hysterisch #jeugd #tiktokdans #fy,2020-12-20,esmeejoanna,6908391851418471682
28700,2287,63,22,False,foryou,BADINGA,True,15,Dc- @enola.bedard #foryou #dance #viral,2020-11-26,samantha_louise_x,6899411373265063170
395100,30000,780,4415,False,soldier,origineel geluid,True,18,#soldier #movdbuurt #foryou #fyp #fy hoor je dat a mattie😂😂,2020-12-18,schijtaandeoverheid_,6907540932682321153
1300000,39000,200,976,False,foryou,Bad Day,True,12,#foryou #foryoupage #fyp #fy #viral #tiktok,2020-10-16,f1memesss,6884114945026411778
79600,5023,75,21,False,foryou,original sound,True,16,Benching and angle progress #foryou #fyp #fitness #chestworkout,2020-12-20,victoriaolexsa,6908143157616151813
530900,37000,67,1008,False,danielricciardo,original sound,True,18,“That’s akward”😅 #danielricciardo #sebastianvettel #f1 #formula1 #fy #foryou,2020-11-03,funniest.f1.moments,6890903823381056769
249400,15000,50,527,False,fyp,origineel geluid,True,11,But who let the dogs out? #fyp #fy #f1 #f1tiktok #vettel #wholetthedogsout,2020-11-27,f1.daniii,6899852150793358594
184200,25100,319,148,False,fyp,оригинальный звук,True,9,Yee #fyp #foryoupage #foryou #xyzbca #powerlifting #fitness #college #duet #gym #wewintogether #showupshowoff #mypfp #HomeOffice #UnwrapTheDeals,2020-11-05,big_shouse,6891455289002839301
86200,6972,64,866,False,kimiraikkonen,original sound,True,20,Happy Bwoah-thday Iceman😉🥳  #kimiraikkonen #bwoah #f1 #formula1 #fy #foryou,2020-10-17,funniest.f1.moments,6884574278134582529
35500,3412,128,56,False,spiderman,origineel geluid,True,29,Peter Parker heeft een nieuw gezicht gekregen in de remaster van Spider-Man voor PS5 #spiderman #ps5,2020-10-01,powerunlimitednl,6878715680728911106
1200000,73300,583,313,False,equestrian,original sound,True,16,He’s the cutest omg #equestrian #horse #dressage #horserider #horseriding #stallion #blackbeauty,2020-12-06,erinwilliams_1,6903178284012522754
30100,4262,354,14,False,foryoupage,Originalton,True,10,🤣🤣👋🏻 #foryoupage #fyp #bekeerling #noticeme #xzybca #foryou #foryoupage #foryoupage #fyp #foryoupage #fyp #foryoupage #noticeme #fyp #fyp,2020-12-15,luana.noor,6906503615284808961
72100,7187,160,70,False,شلة_هولندا,original sound,True,15,قال و زوجوه بيعقل شايف الوضع عكس جانن هاد  بكري #شلة_هولندا #kat #قط,2020-11-28,mo.rab,6900196713852701954
434600,86200,1083,3311,False,horse,Get Ready,False,27,Which one is your’s😅 #horse #horses #equestrian #pony #dressage #australia #perth #fyp #foryou,2020-10-10,bf_of_an_equestrian,6881844264750353665
3900000,127000,1887,5722,False,foryoupage,original sound,True,21,horse show#foryoupage #horse #show #grasslands #competition #fyp #movement,2020-09-26,horsetrainer3,6876827705950752005
248000,13000,865,21,False,warrantofficer,original sound,True,10,Reply to @playboymango I’ve gotten some complaints #warrantofficer #army #miltok #chieftok #chief #usarmy #usmilitary #fyp #comment #like #follow,2020-12-02,onexpunchxdad,6901719665584672005
34900,2187,27,6,False,shuffle,Killing Me Softly With His Song (Remix),True,9,my neighbour on the next balcony watched me film this 🤓 #shuffle #footwork #shuffleprogress #professionaldancer #fyp #foryou,2020-10-21,jack_biggs,6886117069851479297
2200000,311800,1344,21300,False,spookyseason,original sound,True,7,I can’t even @_thelifeofmikey  #spookyseason #foryoupage #fyp #CTCVoiceBox #DayInMyLife #OikosOneTrip #strapback #beconvincing #altrocktober #scare,2020-10-03,atgullett,6879192624402582790
54500,4310,200,190,False,level,original sound,True,42,Reply to @barryallen329 drum n bass levels! #level #beatbox #beatboxing #beatboxchallenge #drumandbass,2020-11-19,_thatblockhead,6896980233421933829
18700,1411,27,24,False,,original sound,True,14,,2020-10-04,nilanthanrock,6879699550303538434
19300,1257,4,5,False,,මලුවේ පහන් දැල්වේ වී,True,25,masenna 💓💓💓💓💓,2020-10-09,pradeepsadaruwan2,6881636686606912770
79600,8501,60,46,False,foryoupage,original sound,True,13,Reply to @brockkk.c #foryoupage #fyp #foryou #powerlifting #bodybuilding #benchpress #fitness #workout #fittok #powertok,2020-11-11,timmytimmadome,6893922308096937222
56300,2031,84,30,False,legday,original sound,True,7,Watch out tik tok. The leg day enforcement has arrived. #legday #enforcer #gym #law #dontletthisflop #injured,2020-11-20,blake_ouellette,6897011186349411586
11000,2489,29,22,False,attitude,original sound,True,13,#attitude #jok #foryoupage #love #foryou,2020-12-15,podi8596dila,6906504850712907009
34500,1443,52,4,False,blue,... is sweaty,True,40,Cakesicles😋🦋#blue#QualityTime #ComfortFood #ocean#cake#chocolate#candymelts#cakesicles#baketok #food#chocolate #fyp#fy#ontario#mississauga #cakedeco,2020-12-12,sara_scakes,6905464131097332997
76600,13500,168,516,False,gymlife,Therefore I Am,False,59,#gymlife,2020-12-09,kadds.pov,6904391764824608005
26600,3067,78,97,False,fitness,original sound,True,50,Reply to @g3ck059 can also be done with bands #fitness #exercise #muscle #chest #workout #pecs,2020-12-08,roblapham,6903934953705245954
54800,5715,114,70,False,fyp,sonido original,True,11,#fyp #anime #animeedit #animegirl #opais #otaku #weeb,2020-12-18,knight_of_erin,6907491921220947205
62900,7436,68,57,False,horadearrasar,Medley da Equipe Mandelão,False,13,#horadearrasar Éo REI né vida 💙,2020-11-27,jefiinho_xp,6899884609530612993
62700,5559,41,8,False,billieeilish,Bäd gúy ręmįx,True,7,bad guy⛓🖤 #billieeilish #transition #fyp #ootd #badguy,2020-10-14,jorgechaconh,6883622094190497025
254300,28000,378,643,False,ohnono,Oh No,False,19,😂😂pobre #ohnono #viral #foryourpage #sakura #naruto #animeedit #anime #otaku #parati,2020-11-05,queseyosoyrara,6891424030172253442
154600,48700,970,179,False,destacame,original sound,True,19,#destacame #animeedit #viral #fyp #hanakokun #bakugo #bokunohero #manga #anime #husbando #naruto #nanatzunotaizay,2020-10-03,crazyedits2412,6879452591953153282
42000,4141,140,132,False,horadearrasar,F Boy,False,13,❤️❤️❤️❤️❤️ #horadearrasar #luizbacci #lbacci #amore,2020-11-05,planeta_luizbacci,6891434870057340162
49600,6015,64,105,False,,Rich Girl,False,11,,2020-09-26,julesw5678,6876862444988402945
3400000,11900,52,87,False,fy,origineel geluid,True,15,#fy #fyp #foryoupage,2020-10-19,denhaag07076,6885246252078910722
1200000,83700,1501,1890,False,foryou,origineel geluid,True,17,#foryou #cheese #cheddar #fy,2020-10-04,pinkxchampagne00,6879769716567657730
68700000,5000000,12200,110900,False,artchallenge,Shape Of You,True,14,How to draw hand #artchallenge #drawing,2020-11-02,condsty,6890571273110392065
53500,14900,33,50,False,,Use for your idol xx,True,8,My heart follow ❤️🥺,2020-12-16,x.mattharnacke.x,6906940104053476609
818700,15400,372,5230,False,tramp,dźwięk oryginalny,True,6,🤣😂🤣😂🤣😂🤣#tramp #donaldtramp #comedies #foryou #dlaciebie #dlawas #haha #śmiesznefilmiki #tiktokpolska #youtubersentiktok,2020-10-30,tomekkozera,6889412974012943618
349800,67400,1687,2619,False,gym,original sound,True,18,I’m proud of you... #gym #workout #health #fitfam #gotothegym,2020-11-19,papaswolio,6896965832933477638
32600,2445,183,120,False,foryoupage,original sound,True,10,Who do you think is the most normal of the 2 of us?🤔🙈 @evitavdz #justdancemoves #foryoupage #mood #voorjou #keepsailing #bestfriend #duo #crazy 💋,2020-12-18,amberdgruijter,6907668397484559617
30500,8243,315,223,False,demonslayeredit,Therefore I Am,False,9,Testing vfx #demonslayeredit #kimetsunoyaiba #demonslayer #amv_anime #amv #kimetsunoyaibaedit #animeedit #tanjiro #fyp #foryoupage,2020-11-27,kevinuramavfx,6899729878560656641
622700,74300,1440,610,False,fy,ruin our friendship,True,10,Tagg je tiktok maatje☺️ #fy #fyp #foryoupage #ruinourfriendship #loversinstead,2020-11-29,noazwan,6900566632859585793
62000,5021,549,29,False,foryou,original sound,True,9,If you don’t know me guess what sport I play.. I’m trying to see something🤔 #foryou,2020-12-02,laurenmetzz,6901723835310116101
169000,12300,207,173,False,coronavirus,Coronavirus Check,False,15,Dag 1 of tasting things until i can taste again because I have #coronavirus. #tastetest #coronavirus check #quarantine,2020-10-19,rick.veen,6885293067562192130
218500,16700,724,6108,False,,origineel geluid,True,29,,2020-12-16,thiccmrkrabsxxx,6906649897869659394
178400,28100,488,206,False,fyp,All TikTok Mashup (JVKE - Upside Down),True,15,"one person asked for another one of these, don’t hate me 🙈  #fyp #foryoupage #hoodbaby #ThinkingAbout",2020-12-10,susi.vidal,6904422505843363077
914000,50900,300,1968,False,fyp,original sound,True,11,Thank me later✨ #fyp #foryou #voorjou #dutch,2020-10-30,nazkouki,6889521523833474305
172200,12800,520,287,False,damascus,الصوت الأصلي,True,15,علمنا💚#damascus #ثورة #دعم #syria #الساروت #ادلب #الثورة_السورية #آيفون #fyp,2020-11-08,mazenalka,6892711484695121153
309300,40900,417,450,False,nezuko,الصوت الأصلي,True,10,Reply to @mai.san.tiktok___🌚💞#nezuko #amv #otaku_forever #animeedit #otaku_forever,2020-12-09,nezuko_._._chan,6904148139716955394
78100,7407,41,28,False,appie,origineel geluid,True,30,Standaard grappen😁 #appie #albertheijn #zelfscan #supermarkt #supermarkthumor,2020-11-21,bibisientje,6897699752469695745
41800,2266,25,12,False,fy,original sound,True,7,Based on a true story 💀.                                  #fy #fyp #foryoupage #foryou,2020-11-26,tamika__braem,6899489414460837121
29900000,3900000,61200,164700,False,duo,sonido original,True,8,#duo avec @x...jesus #fyp #animal #tombé #de #haut,2020-12-19,maxime_spam1,6907971568165604610
116600,4739,56,13,False,foryoupage,origineel geluid,True,12,Antwoorden aan @fr.henkie88 armen train ik op een boot 😂#foryoupage #voorjoupagina,2020-12-13,patries_1983,6905755896115236098
360800,35600,419,1247,False,fyp,origineel geluid,True,24,"Stiekem met je DS onder je kussen, dat waren nog is tijden #fyp #fa2gang #kaaskomkommer #diorsauvage #jp #hertje",2020-11-18,zopepijn,6896497936558001410
152400,43400,702,539,False,edit,sonido original,True,23,"AMANE,AMANE 😗✌️#edit #anime #hanakokun #tsukasa #wap #charlie #animeedit #fyp #no #viral #xyzbca #wap #hanakokun #tsukasa #wap #tsukasa #hanakokun",2020-10-01,milkteaedits_,6878796954650889473
327900,33000,156,80,False,mama,Classical Music,False,33,EN GEEN SNOEP KOPEN! #mama #moeders #moeder #pinpas #boodschap #voorjou #foryou #fyp #foryoulage #appie #makraak,2020-10-01,jipcraque,6878590867968380162
747400,48300,1252,559,False,politie,original sound,True,56,Antwoorden aan @vannieeijken Wist jij alles al🚔⁉️ #politie #amsterdam #politieamsterdam #fyp #foryou #policecar #dreamjobcheck #learnontiktok #cops,2020-10-12,politieamsterdam,6882735576160783617
170500,12000,942,269,False,team07,original sound,True,7,#team07 #gym #elsa #11 #tiktok #foryou #oneday #onemillonaudition #fallow @shashini820 @sehanimaleesha @_viden_run_ @lakiya25 @sada_gril,2020-10-04,_s_h_a_m_o_o_,6879809686552530178
48600,2698,185,134,False,faloow,sunet original,True,15,#faloow #emyemeralda #foryou habar nu am ce mi-o venit aici 🤫🤣🤣🤣🤣🤣,2020-12-09,esmyesmeralda8,6904066579655396610
38500,3373,121,27,False,foryou,original sound,True,15,طبعا بكري قرر يصلي واخيرا 😎  ياجماعة انا واقع في حالة حب معكم كليلاتكووون دخيل قلبكم😍#foryou #اكسبلورر,2020-12-11,mo.rab,6905139893425474818
10100,1090,50,7,False,fyp,original sound,True,8,#fyp #foryoupage #mycostume #chocolate #birthday #viral #asosdaytofright #fypシ #xyzbca #cake #idontlikeit #trending #trend #ilikeyacutg,2020-10-27,blondecol,6888341759622008066
133100,9950,52,2014,False,horadearrasar,Marcas da Vida,False,13,#horadearrasar,2020-10-15,alessandrocatende0,6883948403730992386
61300,2992,27,0,False,,Sins,False,17,කොල්ලෝ 2🔞👊 අපිට සද්දේ දාලා උන් දෙන්නාට රිටන් එක දෙන්න ඔං👊😎 ගියා ......මුන් දෙන්නා පාරේ මැද්දේ කියහන්කෝ ....💥💥💥,2020-09-24,anukperera3,6876130849683770625
47900,2232,27,19,False,anytime,оригинальный звук,True,4,Reply to @brandondeee - I’m ready when you are sweetheart. #anytime #letsdance #squats #gym #workout #worldstar,2020-12-03,benjamin_robert_graham,6902103334392450306
53400,8284,247,201,False,friends,original sound,True,29,tag that friend 😋 💯 #friends #concept #exam #friendship #100k #funny #concept,2020-11-10,choco_imaad_,6893536744218627330
53600,5814,390,35,False,fyp,original sound,True,13,🤷🏼‍♀️#fyp #newhere,2020-11-06,itismecat,6892096873453145350
81900,10000,112,18,False,stitch,Dior,False,54,#stitch with @inikamcpherson #foryoupage #fyp #foryou #powerlifting #bodybuilding #squat #fitness #workout #fittok #powertok,2020-10-08,timmytimmadome,6881250870374321414
60700,11300,231,152,False,,original sound,True,32,@realalliwilbourn1,2020-11-25,chris_wells_,6899109657395219717
65200,2428,33,78,False,therock,You will smell what The Rock is Cooking,True,15,The people’s champ runs the house #therock #wwe #fyp #fypシ,2020-11-30,colin13taylor,6900701600440978694
35900,893,18,1,False,,original sound,True,13,Reply to @odeplacolru,2020-10-14,marqsheino,6883458545451388161
41600,3854,91,46,False,foryou,original sound,True,52,Don’t complain if you don’t put the work in #foryou #foryoupage #fyp #fitness #nutrition #gymshark #bodybuilder #workout #diet,2020-10-13,evan_holmes_,6882920923314326785
36600,3260,31,66,False,foryou,Lofi,False,52,Just wanted an excuse to flex #foryou #fyp #foryoupage #bodybuilder #fitness #workout #gains #nutrition #fittok #myjob #movember2020,2020-11-07,evan_holmes_,6892201986381335810
1100000,179600,6389,5317,False,duet,original sound,True,16,#duet met @comet_fire,2020-12-02,microsoftword2,6901795238021696769
6046,168,14,8,False,standwithkashmir,original sound - zeeshanchandio,True,15,#standwithkashmir #foryou #foryoupage #featureme #outfits #slowmo #transition,2020-12-04,shanjan760,6902294648451075330
24900,2746,58,8,False,,original sound,True,59,Reply to @user28254092  හැමොගෙම දැඩි ඉල්ලිම පරිදි ඔන්න full video එක දැම්මා 🌷🌷❤❤❤,2020-10-03,______nisal_____,6879223075980741889
66800,5715,73,53,False,opinion,original sound,True,12,Reply to @daniel_blanchard_150 - I’m just the messenger. #opinion #coach #training #workouttips #gym,2020-12-17,benjamin_robert_graham,6907211930755271942
103300,8831,238,117,False,anime,original sound,True,14,leave some future suggestions yall😭😭 #anime #animeedit #fyp #GrowUpWithMe,2020-11-16,plantain._man,6895756274844077314
465,13,0,10,False,,original sound - Tairan Ghori 🌹,True,14,,2020-09-29,tajbarkhan008,6877981740690935041
3637,570,3,0,False,parati,original sound,True,6,Happy death day#parati #fyp #4u #goforitchallenge #destacame #halloween #birthday #cake,2020-10-28,me_gusta_la_lechuga,6888674709433535745
1500000,426100,5574,6805,False,tomfelton,sonido original,True,23,ℰ𝓎𝑒𝓈 💙🤎💚  //  #tomfelton #harrystyles #emmawatson #timotheechalamet  #billieeilish #zaynmalik  #fyp #foryoupage #viral #edit #louistomlinson #4u,2020-11-08,sxck.aesxthetics,6892822437671570690
762500,36100,1108,383,False,,Ooh Ahh (My Life Be Like) (feat. Toby Mac),False,9,What kind of fruit is this? 🤔 @heidisdream,2020-12-08,riovacci,6903924035164376321
65700,2462,18,5,False,pov,Original Sound,False,15,#pov Your mom wants you to be a successful model but your father sees you’re starving yourself.. #tw #awareness #model #starving #foryou #foryoupage,2020-12-11,estellehagen,6904966483730894082
75900,11500,709,533,False,,Originalton,True,59,weekend chill 🧘🏽‍♂️😴,2020-12-12,gymclock,6905408660185320706
547700,36700,7568,489,False,rice,In My Bed,False,12,⭐️ EVA ⭐️ Reageer nu met jouw naam! 👉👉 #rice #foryoupage #fyp #rijstt,2020-10-07,rijstt,6880924024227040513
1600000,116200,4367,3338,False,voorjou,Laat je gaan,False,10,laat je gaaaannnn #voorjou #foryou #gioswikkers #alsjehandoverjekontglijd #laatjegaan #cringe,2020-12-01,giorgiagaray,6901216792186785025
99500,12600,133,632,False,phdlife,original sound,True,14,Hello imposter syndrome 👋 #phdlife #gradschool #phd #research,2020-11-20,mamagum,6897030279106530561
40300,262,13,22,False,hollandsroem,origineel geluid,True,19,Haring ver van t’ mes #hollandsroem #haring #holland #fypシ #guiltypleasure #lekkerneef,2020-12-09,mrp_loco,6904236597529595138
95200,10200,297,55,False,foryoupage,Potential Breakup Song,False,16,Teehee 🌚 #foryoupage #fyp #foryou #powerlifting #bodybuilding #deadlift #fitness #workout #fittok #powertok,2020-10-28,timmytimmadome,6888809548895849734
47200,3307,78,25,False,tiktoktraditions,original sound,True,15,Weriduwo do hamayi zey baelna eina newryo#tiktoktraditions #🇪🇷🇪🇷🇪🇷🇪🇷🇪🇷🇪🇷🇪🇷🇪🇷eritreangirlsfrikangirl,2020-11-23,blackgirl526,6898373135121321218
127200,4193,13,12,False,fyp,original sound,True,8,werken is belangrijk #fyp #fy #KerstInHuis #viraal #foryou #tenbrinke #werk #voorjou #callanambulancebutnotforme,2020-12-05,jetdealmachtigekroket,6902725442260749570
35800,700,68,8,False,fitness,oh no i hope i dont fall,True,9,Never satisfied... #fitness #fyp #gym #viral #fitnesschallenge,2020-12-03,marcusstone_fitness,6901833660224326914
974900,76600,3254,2596,False,drag,origineel geluid,True,47,#drag #dragqueen #draqmakeover #dragqueentransformation #dragtransformation #saturdaynight,2020-11-19,steviestunner,6896943341666127105
76500,10900,163,5,False,foryou,original sound,True,8,In welk schooljaar zit jij? #foryou #dutch,2020-10-11,vrouwenmethumor,6882388794671107330
97100,2111,37,44,False,programmers,Teach Me How To Dougie,False,8,#Programmers WHY ? 😂 #programming #hackaton #programmer #coder #codinglife #codingtiktok #javascript #techtok #techtokers #foryou #fyp,2020-11-21,dilmerval,6897420741642390789
142600,1475,0,27,False,,Originalton,True,12,,2020-12-10,gorang530,6904692946486971649
36000,1870,60,9,False,,original sound,True,6,,2020-10-30,fl00rsm1t,6889402787612937473
194900,19000,801,152,False,gamer,i'm closing my eyes (feat. shiloh),False,15,This has happened 6 times in the past 7 days 😶 #gamer #streamer #gaming #relatable,2020-11-21,jordielocks_,6897699853720161542
110300,2031,59,208,False,foryou,Annie R u oK,True,6,Oeps daar ging de lepel 😅 #foryou #fyp #voorjou #dontputtheblameonme #foryoupage #fun #tiktok,2020-10-02,daan_tjuuuh,6878973704689175809
662900,34500,77,32,True,bangenergy,original sound,True,17,I did not expect them to make this 🤯😫 @bangenergy @bangenergy.ceo #bangenergy,2020-11-05,finnsreality,6891751258835750146
32000,890,2,1,False,,Laughing sound,True,15,😂😂💨,2020-09-23,ashena501,6875528457388903681
37500,4221,77,78,False,zopepijn,origineel geluid,True,10,Deze video is voor een kleine groep mensen bedoeld #zopepijn #fyp #fa2gang #haat #feiten,2020-12-09,zopepijn,6904182931909004545
75300,27400,475,156,False,fypシ,original sound,True,15,She ran away with me during the process of filming but it’s fine ￼￼#fypシ #foryoupage #transition #hopelesslydevoted2u #horse #horseboy #equestrian,2020-11-14,zackohardin,6895048600355704070
75800,5124,69,953,False,kooiaap,origineel geluid,True,21,#kooiaap #kooiaapspecialist #redlichtdistict #lol #dolle10minuten #macdonalds #voorjou #transport #vrachtwagen #strijder #lekkerhoorrrr,2020-11-13,brandontoet,6894591131565247745
80800,7418,108,464,False,huphollandhup,original sound,True,25,Cute Dutch sounds part 2 @rob.morrisw @ricmorrisw @dominiquewienk 🇳🇱🧡 #huphollandhup #livinginholland #dutch #languages #venezolanosenholanda,2020-12-06,itspaulmorris,6903190549960920321
123400,13400,70,781,False,squats,original sound,True,15,How to work up to pistol squats #squats #pistolsquat #deadlift #gym #fitgirls,2020-12-11,abs.adamski,6904823810994818310
140300,20300,474,161,False,,Morrissey is a poopy,True,5,"not ALL men, ha beat you to it ;) but most yes.",2020-11-04,moonlightblossom,6891318229881343234
127900,7326,141,48,False,,borderline by tame impala,True,15,Reply to @t.and.d,2020-09-23,cl_audio,6875691073499352321
54800,7207,119,262,False,dailydicerollwalk,original sound,True,9,cause my ass seems to be the only thing getting views #dailydicerollwalk #funny #transition #transitions #fyp #foryou #foru,2020-12-11,spooksahoy,6905110082913045762
78500,6858,169,48,False,foryoupage,original sound,True,36,Take it day by day! #foryoupage #fyp #foryou #powerlifting #bodybuilding #squat #fitness #workout #fittok #powertok,2020-10-02,timmytimmadome,6879055195330858245
25100,2018,2,5,False,❤️,original sound,True,22,#❤️,2020-10-04,omitholitha,6879703604249332993
70600,5134,12,21,False,recommendations,Звук создан для Шпульки,True,15,Туториал по стрелочкам ❤️#recommendations #tutorial #туториал #foryou #урокимакияжа #makeuptutorials,2020-10-07,molchanovamua,6880839179677256962
3378,149,42,62,False,crew07,original sound,True,11,foryou ma Aon tw comments ma lazmi btana#crew07 #vrlvideo #fym #100k #foryou #foryoupage,2020-10-26,mr_shoaib_66,6887869748458130690
13000,1593,54,4,False,gym,Blow Your Mind (Mwahchallenge),False,9,Who is joining the dark side next? We have dump trucks. This is a takeover. #gym #legday #ceo #MeLeaving,2020-10-25,benjamin_robert_graham,6887581168858893569
136100,9588,75,77,False,stitch,original sound,True,15,#stitch with @maxlifts  I know we were all just having this convo on my tok. #wewintogether 💪💪💪,2020-11-01,bigheadnoneck,6890298155766697221
134900,11900,21,15,False,,Di emcee විල්සන් මාමා,True,20,දගයාගේ වෙනසක් soon 😁😌❤️,2020-11-04,pasiya77,6891240671357816065
27900,1086,7,13,False,crossfit,original sound,True,9,Give it a try 👌 #crossfit #cardio #training #crossfitworkout,2020-11-28,marqsheino,6900235731059494145
332900,23200,124,514,True,bodybuilding,original sound,True,15,Let’s get those boulder shoulders fellas 😈 #bodybuilding #homeworkouts #workout #fitness #gym #physique,2020-09-29,noeldeyzel_bodybuilder,6877869447999245569
64700,9254,22,2,False,horse,original sound,True,8,Can't wait to compete this weekend ❤ #horse #riding #equestrian #fyp #ToMyBestFriend #petthings #competition #rider #crosscountry,2020-09-29,elirose.equestrian,6877774951361875201
155000,13800,142,14,True,bodybuilding,phantom of the wapera,True,5,50k likes and I’ll do it #bodybuilding #fyp #xyzbca #gym #tiktoksouthafrica,2020-10-01,noeldeyzel_bodybuilder,6878710443926473986
37700,738,19,48,False,smiithdefortal,som original,True,10,#smiithdefortal #comoequeeupossovomitarbatata #batecomvaontade #horadearrasar #fy #whatsapp,2020-10-30,smiithdefortal,6889437057261866242
19800,1861,4,2,False,,original sound,True,13,අනේ සෙනුරි නංගි ඇයි ඔහොම කියන්නෙ 😥😢,2020-11-18,_pradeep_max_,6896548159820926209
56100,6682,34,11,False,escaramuza,sonido original,True,15,La cara de mi novio es lo mejor 😂❤️ #escaramuza #charro #charreria #mx #tiktok #page #lifestyle #horse #challenge,2020-10-26,_anniecampos,6888059613158362369
7090,1194,8,1,False,тренд,оригинальный звук,True,15,Ахаха #НиШагуБезDETTOL #тренд #recommendations #туториал #глобальныерекомендации #реакция #проверка #отношения #любовь #переписка #угадайкто #душа,2020-10-13,dianavhdn,6883165648290139394
32800,3576,40,26,False,strength,lord have mercy,True,5,"It hurts the ego, but I do respect it when it happens. #strength #impressive #relatable #workout",2020-11-12,benjamin_robert_graham,6894039333100129537
106200,6239,89,53,False,fyp,Therefore I Am,False,9,Fav song right now 🥺 #fyp #foryou #makeup #billieeilish #thereforeiambillieeilish #lipsync #kentucky #peircings #model #trend,2020-11-15,hannahlouisewigginton,6895491816532069637
70800,1882,24,26,False,foryou,"Carly Rae Jepsen - ""I Really Like You""",True,7,❤️#foryou #foryoupage #voorjou #likeyourcutgee,2020-11-20,xleona_xx,6897270609915661569
87400,11800,476,58,False,fitness,Without Me,True,9,"People who workout, I know you can relate 🤧 Please keep me in your prayers #fitness #gym #workout #leg day",2020-11-28,juliagetsfit,6899964626478320902
47200,12600,158,40,True,bnhaunited,original sound,True,15,Your soulmate can hear you sing. I wonder who Glitch’s soulmate is.. #bnhaunited #heroesoftomorrow #soulmate #bnhaoc #glitch,2020-10-23,sakuraflor,6886904360207469825
49000,208,3,7,False,,original sound,True,8,"please give me more advice.if you like my work,please Pay attention to me😋",2020-11-15,sashley045,6895388317680946433
694100,84500,988,2179,False,rimbatubes,original sound,True,59,Special 1M followers video! “He’s a Pirate” ft. my roommate Jakob 🏴‍☠️🎶🎉 #rimbatubes #piratesofthecaribbean,2020-12-09,snubbyj,6904040351607147781
47400,3066,171,60,False,,original sound,True,10,,2020-12-17,marlivanderdoelen,6907193077371309313
71300,1620,25,0,False,bleaching,Say I Yi Yi,False,10,Heartache #bleaching #pain #hairdye #backtoblack #foryou #fy #voorjou,2020-11-02,janaweisxo,6890591494126718210
675400,71000,256,724,False,tiktok,Pump Up The Jam,False,15,this is my favorite tiktok dance #tiktok #dance #pumpupthejam,2020-11-25,hahahahahahahamaddie,6898859679217143046
79000,5479,95,131,False,fy,BanTamGo Remix,True,15,👅 #fy #foryou #voorjou #dance #viral #4u,2020-10-03,milenaaxoxoo,6879407225769692418
159000,21800,170,367,True,pushup,JoJo Pose,False,26,Do you Accept this challenge? #pushup #challenge #workout #duet #workoutfromhome credits: @jpark_fit,2020-10-01,antonielokhorst,6878676626108992769
723100,37100,533,459,False,keepnaturewild,original sound,True,17,Wild vibin @keepnaturewild  #keepnaturewild #ad,2020-11-23,happykelli,6898452394418523398
321400,46100,199,31,True,fyp,origineel geluid,True,13,RANDOM SCENE 🤣 don’t know 🤣 #fyp #foryoupage #voorjou,2020-11-11,kalvijn,6893869437884091649
190200,20500,256,317,False,foryou,origineel geluid,True,10,Bekijk t altijd van de positieve kant hé !! #foryou #fyp #KerstInHuis,2020-12-09,klaasschmedding,6904396013923060994
26900,2029,27,8,False,winterdiy,Deep End,False,14,Wait till the end😜😹 IG: miafitness_sw #winterdiy #lernenmittiktok #gymnasticschallenge #backmuscle #strong #crush #mistake #fitgirl #forYou,2020-12-04,miafitness,6902459846260559106
690100,28400,117,144,False,xyzbca,original sound,True,13,Do you have suggests to what I have to post? #xyzbca #fyp #fy #f1 #maxverstappen #racing,2020-11-02,sport.vids09,6890655206644747522
289800,8042,208,785,False,food,origineel geluid,True,15,Bedankt hé Jumbo 😑 #food #foodporn #jumbo #foryou @dominiqueramona,2020-12-18,ramonadominique,6907670356887211265
9247,1091,15,122,False,,original sound - 🅽🅰🅳🅸🆈🅰,True,41,,2020-09-29,chathuuu98,6877796349459336450
484,22,2,0,False,mondkapjesplicht,Corona,False,10,#mondkapjesplicht #mondkapje #ns #corona #coronavirus #covid19 #fy #ikdoenietmee #ikdoenietmeermee #regering #ns,2020-11-06,jarcage,6892072950648802561
84100,4045,224,377,False,tegendraats,origineel geluid,True,11,Meer kan ik er niet van maken.. 😂#tegendraats @tieske99 @jins_derksen,2020-11-16,tegendraats,6895710777043455234
74700,7226,96,16,False,foryoupage,original sound,True,17,👺👺👺 #foryoupage #fyp #foryou #powerlifting #bodybuilding #deadlift #fitness #workout #fittok #powertok,2020-10-29,timmytimmadome,6889105902234864901
889700,102800,745,6206,False,fyp,do not BULLY People also ninja,True,9,i got this from @thisusernameisrare #fyp #viral,2020-12-01,dexter2009_,6901387960424484097
294700,31100,880,1313,False,fyp,origineel geluid,True,59,Deze is voor de mensen die geen rijst kunnen koken ✨🤯 #fyp #fy #koken #voorjou #vj,2020-12-19,fabricioo,6907974329305156866
54000,10400,126,364,False,fyp,hometown slowed down twenty one pilots,True,28,Recreating my best video #fyp #viral #theboys #fitness #lift #weights #grind #gymrat #track #lifting #gymtime #gym #swole #bulk #fit,2020-12-19,ziyadhodzic,6907792796111981829
59400,1283,116,36,False,formulaone,I Wanna Know You,False,6,Fair decision? Let us know!!! #formulaone #lewishamilton #f1 #fyp #formula1,2020-09-28,formula1update,6877473712652799234
45500,3719,80,40,False,foryou,original sound,True,15,🤦🏻‍♂️🤦🏻‍♂️كم وزنكم ؟#foryou #اكسبلو,2020-12-12,mo.rab,6905378711986801922
36300,3090,89,20,False,transition,sonido original,True,15,💚 #transition #chile #tatuaje #lesbians #loveislove #love #dúo #tattoo #fyp #🏳️‍🌈 #lesbian #parati #lgbt #lgbtq #girl #trend,2020-11-26,vivi.aravena,6899418795987717377
60300,3386,36,1,False,f1,FRANCHISE,False,29,#f1 #f1crash #f1mercedes #mercedes #f1race #win #lose #ftb #fortheboys #rage #pit #pitstop #box #boxing #fy #fyp #painful,2020-12-11,gamingclips011,6905031739127713026
68100,6729,29,44,True,f1,original sound,True,11,Als er dan tóch niemand op straat gaat zijn. Het F1-seizoen is afgelopen. Mogen wij een paar rondjes door de stad blazen?😅😷 #f1 #redbull #fastestlap,2020-12-14,redbullned,6906126061696863489
53900,12600,215,61,False,boo,FAMOUS PPL ARE USING THIS AUDIO,True,14,the fall onto my bed scared me tbh #Boo #gay #affirmations #military #transition #fyp #FootlongShuffle,2020-10-14,hklein99,6883270499741273349
19900,581,8,8,False,squat,Satisfaction,False,11,I'm doing some form of this before my every heavy set 👌 #squat #squatmobility,2020-11-06,marqsheino,6892131074093223170
29000,7320,424,118,False,sakura,Fantasy,False,17,фанаты сакуры зайдите в комментарий ✨#sakura #sakuraharuno #shannaroo #edit #animeedit #fyp #fypシ #recommendations #foryou #shannaro #sakurabest,2020-11-28,shingod420,6900178346919857410
105700,23900,171,887,False,horse,no no no no no no no no,False,13,She can have all the horses she wants💕🐴 #horse #horses #animals #equestrian #girlfriend #fyp #foryou #horsegirl,2020-12-01,bf_of_an_equestrian,6901155395100806401
117200,5574,538,268,False,powerlifter,Alright,False,31,BIG BENCH PR #powerlifter #powerlifting #powertok #fitness #gym #benchpress #bodybuilding #strength #fyp #foryoupage  @timmytimmadome,2020-10-25,christian74kg,6887605177591942405
346100,28500,363,1642,False,wantthischallenge,son original,True,30,Any request? 😉 #wantthischallenge #gymshark #fitness #homeworkout,2020-12-09,johnclajara,6904335595301080325
71500,9570,83,31,False,gym,Believer [NSG Remix],False,42,still got it 🤙 #gym #fyp #deadlift #foryou,2020-11-15,farmer.ralph,6895349449107754245
114400,14600,92,82,False,foryoupage,original sound,True,19,@erin.66kg we’re tired lmao #foryoupage #fyp #foryou #powerlifting #bodybuilding #deadlift #fitness #workout #fittok #powertok,2020-12-08,timmytimmadome,6903703219923340550
49600,837,13,1,False,horse,original sound,True,9,The horses strike again￼. #horse #waterbowl #water #horses #stables #stable #horseriding #horselover #working #animals #farm #farmer #yard￼￼￼ #clumsy,2020-11-18,eric010100101,6896550572653120770
11900,2129,80,24,False,,Worth it (Remix),True,12,අම්මො ඒක max ගන්න විදිය කියන්නම් ඉන්බොක්ස් එන්න😘😘😘ආදරෙයි හැමෝටම ගොඩාක් 😘😘,2020-10-05,r__o__w__d__y_,6880239600590212353
25800,1319,14,7,False,slowmo,original sound - ๖คຖງ๖ēēຖ 👑,True,18,Test #slowmo #WinWithASmile #transisi #transition #transitions #slowmotion #slow #tiktok #tiktokindo #viral #virall #tutorial #fypchallenge  #fyp,2020-10-01,dedebin,6878719985535962369
24800,1428,22,66,False,foryou,original sound,True,29,Give it a shot if your knees hate you #foryou #fyp #foryoupage #fitness #bodybuilder #aesthetics #gymshark #workout #exercise,2020-10-17,evan_holmes_,6884399255302245633
209700,9469,304,147,False,foryoupage, Dancin (KRONO Remix),False,10,Reply to @caden.wappler #foryoupage #fyp #foryou #powerlifting #bodybuilding #benchpress #fitness #workout #fittok #powertok,2020-09-23,timmytimmadome,6875739742340762885
46100,1493,38,9,False,crossfit,original sound,True,35,Reply to @viljamit #crossfit #abs,2020-11-20,marqsheino,6897328348192656641
34500,646,27,1,False,horadearrasar,Oh My God,False,13,#horadearrasar,2020-12-20,nataneschorsch,6908401262065143045
97000,14600,232,260,False,horadearrasar,Funk do Nobru Apelão,False,13,#horadearrasar,2020-11-05,lovely_nobru_,6891776298784509185
73700,11700,157,830,False,akamegakill,som original,True,12,𝓼𝓱𝓮 𝓲𝓼 𝓰𝓸𝓻𝓰𝓮𝓸𝓾𝓼 ✨ #akamegakill #akamegakilledit #esdeath #esdeathedit #anime #animeedit #weeb #otaku #fyp #foryou #fy,2020-10-10,fetishold,6882043160806116609
5377,93,2,2,False,foryou,original sound,True,15,AK pal ki ab to dure na muj ko Dana❤❤#foryou #foryoupage #bhurhn_tv #khasmirpakistan #videostar #trending,2020-10-31,zubair_rajput1,6889712383049108737
52100,587,19,3,False,lats,original sound,True,5,Reply to @zachralph I can’t seem to find them #lats #backmuscles #wheretheyat #MIA,2020-09-26,blake_ouellette,6876857501397159170
36900,3142,160,11,False,fyp,original sound,True,9,The boys were proud again ❤️ #fyp #foryoupage #foryou #gym #athlete #fitness #workout #motivation #MyRecommendation #ohno #tiktok #theboys #welldone,2020-11-05,braydencarelius,6891701560221404417
208900,14400,77,29,True,foryou,BILLIE JEAN X BOO X F IT UP VMESHBEATS MASHUP,True,13,For the ones who don’t know how to do this😁💙 #foryou #fyp #outofbody #imaghost #boo dc: @.crapper,2020-12-07,theofficialcasper,6903574645899939074
78000,9021,100,63,False,haventseen,Jingle Bell Rock,True,8,what do you want for Christmas?🎅🏼 #HaventSeen#foryou#fyp,2020-12-17,abicado,6907365817118166278
46700,3919,66,38,False,francisxvk,FOLLOW ME,True,9,🤢 #francisxvk #nederlands #foryou #mickeymouse #disney,2020-11-23,francisxvk,6898194233778261250
1500000,161500,1640,2900,False,,original sound,True,16,I need one of these 😳 @brandon_baum,2020-11-15,riovacci,6895357815066529026
37900000,4000000,18600,13400,False,amazing,оригинальный звук,True,10,Pencil #amazing,2020-12-19,the_object,6907943881829059841
71500,3860,68,669,False,boyfriend,origineel geluid,True,23,Tja verschil moet er zijn #boyfriend #relationship #studentproblems #study #fyp #xyzbca #viral #noticeme #schoollife #foryou #voorjou #foryoupage #fy,2020-11-05,isa.looy,6891693185693797634
7400000,102700,227,220,False,,origineel geluid,True,16,,2020-11-18,williamvangemert,6896474585798053121
262600,37200,1280,2227,False,gotothegym,original sound,True,20,any questions? #gotothegym #flexfroday #gymtime #workout #fitfam #swolefam #workout #homegym,2020-12-04,papaswolio,6902476909045615877
39200,1885,42,44,False,dutch,origineel geluid,True,15,Morgen begint mijn toetsweek😢 Wanneer is jullie toetsweek? #dutch #foryou #fy #voorjou #letsprobeerit #viral #dance #trending,2020-11-05,tessajaimy,6891747931905330433
212500,16400,286,76,False,foryoupage,son original,True,15,Did you expact that? 😊 #foryoupage #trending #fyp #Taekwondo #fitness #sport,2020-12-03,watkiekjenou,6901995461238934785
65300,3257,13,96,False,shuffle,origineel geluid,True,13,Love my shuffle fam 🥰 @thefredster @vopflash #shuffle #shuffledance #fyp #foryoupage #makeitmini #OurType #VansCheckerboardDay,2020-11-19,myrandatomb,6896895803676200198
1600000,190100,2361,13200,False,,origineel geluid,True,15,Music in the Car just a little bit 🤪 @spaudio8766,2020-10-31,missblondy1982,6889807558618418433
44000,1371,89,148,False,voorjou,origineel geluid,True,13,✨ lockdown ✨ | #voorjou #markrutte #lockdown #corona #fyp,2020-12-14,dominiqueifte,6906077607750618369
47400,5320,50,23,False,upsidedownamsterdam,Killing Me Softly With His Song (Remix),True,9,I’m in love with these pants🥰🧡#upsidedownamsterdam #netherlands #KerstInHuis #foryou #fyp #dance #indonesia,2020-12-06,jasonverspaget,6903157559578987777
106800,1515,17,416,False,fyp,origineel geluid,True,6,Ow Ow pechdag!! #fyp #fy #hardgaan #kapot #broken,2020-10-20,marienvsteenberguh,6885726005357530370
35100,2157,24,27,False,,Trend by at. reno.lugo,True,10,Still working on that,2020-11-12,evan_holmes_,6894050180300131585
189100,17000,78,225,False,f1,Train Wreck,False,11,we all need seb in our lives #f1 #vettel #russell #foryou #formula1 #sakhirgp #fyp #mercedes #ferrari,2020-12-15,smilelando,6906514521582570753
360000,30600,248,1500,False,giojade,origineel geluid,True,6,#giojade #voorjou,2020-12-06,jadandgiodepedo,6902941615376157954
86600,9881,203,77,False,greenscreen,Originalton [Fergie - L.A.LOVE (la la)],True,8,Hey ladies 😘 #greenscreen #foryoupage #fyp #foryou #powerlifting #bodybuilding #deadlift #fitness #workout #fittok #powertok,2020-10-07,timmytimmadome,6880928709956635909
60900,6667,35,3,False,belanda,Celebrate the Good Times,True,42,PERPUSTAKAAN DI LUAR NEGERI GEDE DAN CANGGIH BANGET! 🇳🇱🇳🇱 ig @jerhemynemo #belanda #indonesia #luarnegeri #fyp #fypindo #travel #perpustakaan #ldr,2020-11-21,jerhemynemo,6897535476454952194
101800,4208,244,142,False,holidaysourway,It's Tricky,False,15,Which way would you go!? #HolidaysOurWay #computerscience #girlsinstem #stemmajor #coding #codewithme #softwareengineer,2020-11-17,tiffintech,6896176955624918274
109800,7961,77,432,False,jandinoasporaat,origineel geluid,True,41,Weet jij wel wat Netflix&chill is?😂😂#jandinoasporaat #dino #jandino #voorjou #voorjoupagina #fyp,2020-12-15,thebloopers4you,6906416223785864450
47100,3440,7,26,False,f1,origineel geluid,True,33,Best Duo Of With McLaren ‘19 #f1 #formula1 #fy #fyp #fortoupage #foryou #redbull #redbullracing #maxverstappen #danielricciardo #mv33 #dr3,2020-11-22,f1_flat_out,6898022622110436609
45000,3205,60,41,False,,Calvin Harris - Outside,True,10,,2020-10-22,elkakosmoss,6886298413885918465
252600,13800,284,2114,False,foryou,origineel geluid,True,57,Wat  jouw pre over je zegt deel 2 #foryou #fitness #preworkout #mobicep #training #chestday #muscles #workout #gains #gym #fyp #fy #richpiana #c4 #fit,2020-11-05,roykevdh,6891713222534089985
441300,29900,278,1811,False,,origineel geluid,True,30,Hahah daar is moeke weer! Kijk tot het einde! 😂 au mn knie mn knie! 😂,2020-11-08,yoepmen,6892701445603298561
147500,14100,182,733,False,gym,Pumped Up Kicks（Bridge & Law Remix）,False,21,Got the idea from @biggweg_  #gym #fyp #squat #foryou #deadlift,2020-11-11,farmer.ralph,6893875244742741253
139400,30200,79,20,False,duet,Rap God,False,13,#duet with @jilliansurfs Follow my Backup @funnyk__ #fyp #foryou #views #transitions #transition #xyzbca,2020-10-17,kwavyy_,6884646106970590470
170700,45900,713,1799,False,naruto,Teeth,False,35,(vira o celular/turn ur phone) esse deu trabalho viuuu? #naruto #sasuke #sakura #kakashi #sai #yamato #team7 #time7 #narutoshippuden #animeedit,2020-11-05,blwckmoon,6891641815447932166
32000,4053,60,78,False,,original sound,True,14,♥️✅,2020-10-13,arc_revenger_,6883011295763860738
611900,73000,1715,5894,True,,orijinal ses,True,21,,2020-12-17,cagritaner,6907187437986958593
47400,4218,90,39,False,onemillionaudition,original sound,True,13,අඩුම ගානෙ උත්සාහ කලනේ😁🤟🤣#onemillionaudition #trending #sltiktok @kalana.sp @pradeep_niranga @amila282,2020-11-06,shaanmadush,6891908639829937410
163100,31100,833,305,False,fyp,original sound,True,51,long road to recovery dreamy but it’ll be ok❤️ #fyp #horseaccident #horse #pony #vets #broken #brokenspine #iloveyou,2020-10-21,chloexsnowballx,6886033905531538689
76800,1373,10,10,False,shoulderexercises,Viva La Swing aka #SandoTwist by @Abiud_Sando,True,9,"You've been requesting to see how I train my shoulders, so here goes 👌 #shoulderexercises #training #gym",2020-10-11,marqsheino,6882438480786459906
25200,4024,108,20,False,switchingpositions,positions,False,8,This was the best I could come up with 🙈 #switchingpositions #HolidaysOurWay #tabletop #transition #foryou #fyp #lgbtq #lesbian #lesbiansoftiktok,2020-11-17,id_bullseye,6896172646669552897
9725,1125,16,35,False,defender110,original sound,True,22,☺️☺️☺️#defender110  #landrover,2020-10-08,c_m_a_j,6881297980456996097
50000,4854,35,13,False,greenscreen,original sound,True,30,#greenscreen I had fun with this one lol #beatbox #beatboxing #swissbeatbox #spencerx #codfish #accentchallenge #meme #fyp #esh,2020-11-23,_thatblockhead,6898451979207478533
26800,7270,221,28,False,horadearrasar,Soldado Perigoso,False,13,#horadearrasar,2020-11-19,pedrosousa751,6896784100976315650
513000,126300,221,94,True,friends,sonido original,True,12,El dinero no lo es todo￼. 😂😂#friends #1m,2020-10-05,cainguzman,6880259329434324226
16400,826,5,0,False,,original sound,True,8,,2020-09-27,lasith000,6877149710428245249
33600,617,36,2,False,duet,original sound,True,24,#duet with @evan_holmes_  my first duet with this young chap #duet #mensfitness #menshealth #eduardofilipecoaching #duetwithme,2020-10-20,eduardofilipe.coaching,6885791166248340737
27500,640,15,20,False,wwe,original sound,True,39,23 years ago today.... #wwe #wwf #wrestling #prowrestling #aew #kane #undertaker #therock #shawnmichaels #romanreigns #sethrollins #brocklesnar,2020-10-05,jamiladil,6880134891753852162
61100,6289,318,51,False,fyp,dear katara,False,46,#fyp #foryou #gainz #broscience #bro #fitness #brosciencelife #gym #foryoupage,2020-11-25,thecubancrusher,6899128133430037765
1500000,309900,2003,4888,False,naruto,This Wisp Sings by Winter Aid but slowed down,True,36,wow just wow 🥺 #naruto #narutoedits #kakashi #easteregg #anime #obito #animeedit #foryou #fyp,2020-10-03,simpnationluis,6879476802050460934
494800,15500,214,370,False,sorry,original sound,True,8,✨Kunst✨ #sorry #teletubbies #help,2020-12-01,mangomyrthe,6901276629268581633
224900,35400,1152,2315,False,fitness,RAMPAGE,False,17,425 OHP PR from the other day 🤫🤫 #fitness #gym #workout #fit #fitnessmotivation #motivation #bodybuilding #powerlifting,2020-12-10,danielryjov,6904743507693554950
65800,513,11,6,False,foryou,original sound,True,14,Inspired by my tik tok neighbor #foryou#shefamous#tiktokstar#forupage,2020-10-16,shineadpond1,6884287238138645761
94200,11000,117,112,False,2020evolution,original sound,True,9,Not exactly how I was planning it to be 🥺😂 #2020evolution #corona #lockdown,2020-12-12,sepantax,6905490815309729025
173900,19000,42,2245,False,выбериобразповкусу,оригинальный звук,True,14,Без нее жизнь теряет смысл🖇❤#ЧКМП_челлендж #выбериобразповкусу #top #recommendations #хочуврек #рекомендации #handemiyy #sencalkapimi #handeercel,2020-10-25,monyaa.20,6887458979954347266
46000,3832,70,13,False,5you,Potential Breakup Song,False,12,Its ur FAV guurlgroup #5YOU Tag yours!! Had to do this #breakupsong with my guurlss💄@nina.jellina @meganmaximevandijk @carlijnvleeuwen #girlgroup,2020-10-18,lanimanila,6884868479267147010
44500,1698,5,44,False,,Ashes,False,15,,2020-11-27,bas2502,6899737900120935681
254800,74700,5659,533,False,weeb,you are beautiful,True,19,"Sólo necesito tu dirección de correo electrónico y el personaje ♡ (Y datos extra, de precisar) #weeb #anime #animeedit #haikyuu #bokunoheroacademia",2020-11-06,immaculatebae,6891908752539274497
114000,4386,68,94,False,fy,Laat je gaan,False,10,wanneer we weer uit mogen gaan 🍑🤤#fy,2020-11-25,robinvanroekel98,6899141975178480898
104400,9588,119,105,False,,Yalili,True,11,🐥🐥🐥,2020-12-20,makeeva69_,6908342087528254722
78800,12100,119,76,False,foryou,tay swift phone transition,True,15,happy 3yr anniversary to 🖤rep🖤  #foryou #taylorswift  #HolidayCountdown #transition  #swiftie #fyp,2020-11-12,juliiieanne,6894316591450705154
32300,1089,6,10,False,foryou,adammcg sound,True,8,Uuuuhhhh.... #foryou #fy,2020-12-08,matizevanwersch,6903974884154608897
1700000,67300,424,387,False,fy,I just did a bad thing bill wurtz,True,13,#fy #fyp,2020-09-28,fayeekragtx,6877606750900538626
2100000,219100,2352,3468,True,tuzelity,оригинальный звук,True,14,РЕАКЦИИ НА ТАНЦЫ В ТЦ 🔥 Какой у вас город ? 🧐 #tuzelity #shuffle,2020-11-26,tuzelitydance,6899346784921849090
84200,19000,146,17,False,procreate,nicki x AC by bananabutt on soundcloud,True,46,♡︎𝚙𝚊𝚛𝚝 1♡︎𝕨𝕙𝕠 𝕚𝕤 𝕥𝕙𝕖 𝕚𝕞𝕡𝕠𝕤𝕥𝕠𝕣 𝕞𝕒𝕤𝕥𝕖𝕣? #procreate #fy #fyp #シ #foryou #viral #blue #red #impostor #amongus,2020-10-22,my_procreationsss,6886527878100438273
198300,32500,730,900,False,coronaproof,origineel geluid,True,55,Zo kan het ook jongens #coronaproof #balkonfeest #enschede,2020-12-20,demireuvers,6908311912941931777
49600,9303,861,9,False,,original sound,True,15,😘😘😘😘😘😘,2020-12-10,lakmal143,6904610600870038786
35900,798,16,6,False,duet,origineel geluid,True,5,#duet met @ryan.perdaan,2020-12-12,noortjedomoortje,6905326071026109697
46000,1246,65,94,False,corona,origineel geluid,True,13,Leven is positief net als mijn coronatest #corona #fyp #foryou.,2020-10-12,ditisbella,6882738915724233985
379400,56800,595,186,True,,original sound,True,14,Swimmers where you at,2020-10-14,_itsnate,6883331225197563141
149500,19600,150,26,True,,origineel geluid,True,9,Nummer 1 trending op YouTube met Papaaaa! 🤯🙌🏻❤️,2020-10-02,suzanenfreek,6878961920859262210
22500,1106,80,70,False,habeshatiktok,origineel geluid,True,54,Antwoorden aan @wana_alewa_eritrea #extradateready #habeshatiktok #eritreanmusic #antwoord @grmayhawinaxu8 @gogogaga124  #Samsung ￼,2020-12-20,kapital88,6908460695461891329
64800,9387,161,71,False,,I TRIED TO SHOW MY WEIGHT LOSS,True,9,Awkwardn,2020-09-22,caitlinjs,6875373441432816898
659700,54200,351,97,False,voorjou,BILLIE JEAN X BOO X F IT UP VMESHBEATS MASHUP,True,26,"Aangezien IEDEREEN wilde dat het een bioscoop werd, hier de verbouwing! 🛠#voorjou #verbouwing #bioscoop",2020-12-20,ridderroeland,6908353046783347969
62100,12400,313,127,False,vibetiktok,original sound,True,7,My heart melts everytime 🥰🌿 #vibetiktok #fy #fyp #foryou #likelike #tiktoktraditions #dutch,2020-10-06,liamkratos,6880527115037478145
68200,4947,110,19,False,foryoupage,original sound,True,15,DEADLIFT IS COMING BACK 😍 #foryoupage #fyp #foryou #powerlifting #bodybuilding #deadlift #fitness #workout #fittok #powertok,2020-10-10,timmytimmadome,6881793753036721414
50100,7993,358,289,False,,Pilfingerdansen - Remix,False,15,das pas echte equality,2020-10-25,ksaeviore,6887596160656215298
166500,5624,250,15,True,fyp,original sound,True,15,Reply to @rijsttschotel sorry ik ben niet de Pin Automaat#fyp #dutch #djamilacelina #pinautomaat #money #charity #geenhaat #voorjou #vjp #viraal #geld,2020-10-06,djamilacelina,6880493048011263233
70900,20400,256,476,False,anime,оригинальный звук,True,12,Así fue 🤩 #Anime #animeedit #waifu #himikotoga #fyp #parati,2020-12-14,sotokun_yt,6905961818062114054
43500,5812,86,4,False,pijn,Therefore I Am,False,17,WEL EENS PIJN GEHAD DAT PLOTSELING VERDWEEN? #pijn #ziekenhuis #voorjou #middelbare #sporten #blessure #jouwverhaal #verhalen,2020-12-04,arnold.balde,6902436491536944386
63800,5611,184,20,False,mallplaza,sonido original,True,15,Miren a los señores de atrás JAJJAA #mallplaza #baile #siguemeytesigo #parati #viral #fyp,2020-12-06,angiear78,6903188918078852354
734700,112800,751,439,False,tokerstars,original sound,True,15,Tumhari tasveer 📸🙈💯 #tokerstars #trending @shaheer._.khan1,2020-11-11,maazsafder,6893906975730584833
45200,4736,392,17,False,beforeandafter,original sound,True,45,Well here ya go folkes#beforeandafter #dbz #dbs #db #mui #goku#gaming #vegetoblue #animeedit #kamehameha #anime #t #yt #dragonballlegendssummons,2020-11-22,dblegendssummoner,6898062975186242817
1900000,104700,709,2421,False,fyp,Se Te Nota,False,22,#fyp #🐍🐍🐍🐍🐍🐍🐍🐍 #foryou #standwithkashmir #rizwandurrani57,2020-10-19,rizwandurrani57,6885276983870196994
139100,15100,99,60,False,foryoupage,original sound,True,58,Reply to @man_myth_legend0 #foryoupage #fyp #foryou #powerlifting #bodybuilding #squat #fitness #workout #fittok #powertok,2020-10-04,timmytimmadome,6879902533876337925
64300,12600,33,12,False,stitch,The Home Depot Beat,False,30,#stitch with @gavinthomaas yeet #fyp #foryoupage #foryou #xyzbca #powerlifting #fitness #yeet,2020-12-14,big_shouse,6906243777036389637
51000,2584,150,31,False,dueto,In My Bed,False,15,#dueto com @ @the_twin8 #daniela79 #newtrend #dança #fy #tiktok #inmybed,2020-11-10,dani.oliveira79,6893596137022934274
143700,33400,173,594,False,naruto,оригинальный звук,True,8,Можно в рек пожалуйста) #naruto #sasuke #narutouzumaki #sasukeuchiha #anime #animeedit #recommendations #fyp,2020-12-10,xaaku,6904612666099305729
584700,156800,216,41,True,1m,sonido original,True,12,Donde quedo ? 😎😂 #1m #friends,2020-09-27,cainguzman,6877219156186500354
68100,11400,294,45,False,transition,PYRO - Extended Mix,False,14,"[ALERTA DE TRANSICIONES DIFÍCILES ⚠️❗️], etiqueta a tu 5@ amig@ y retalo a una batalla de transiciones 🤩❤️  #transition #fyp #viral #transitioner",2020-11-11,cesarshow2,6893910918913117441
821200,157700,1314,386,True,,original sound,True,39,Reply to @annikasuenner Stress acne for the win 😤😤😤,2020-09-24,_itsnate,6876156631651077381
103000,17800,281,123,False,transition,#HazLoTuyo,True,28,"[ ALERTA DE TRANSICIONES ⚠️⚠️], etiqueta a tu 3er @ para que use el audio y muestre su talento 💓💪🏻🌻 #transition #fyp #transitioner #peru #viral",2020-11-21,cesarshow2,6897625010668637441
35700,2315,31,147,False,fyp,original sound,True,43,Hit these to start your pull days #fyp #FallAesthetic #foryou #foryoupage #nutrition #fitness #gymshark #vans #bodybuilder,2020-10-07,evan_holmes_,6880694458552175874
136600,23000,103,206,False,greenscreenvideo,original sound,True,57,@futbol.emanuel glad you’re okay! #greenscreenvideo #foryoupage #fyp #foryou #powerlifting #bodybuilding #bench #fitness #workout #fittok #powertok,2020-10-22,timmytimmadome,6886291383246671109
60800,4945,14,22,False,,Lonely - UK Radio Edit,False,46,මගේ බෲනෝ මැණිකගේ තාත්තා ARROW 💪,2020-10-04,shashika28,6879837374927490306
25500,3573,91,7,False,success,Drake WE MADE IT,True,10,Reply to @bidenlikesmen2020 - my work here is done. One small victory at a time. One small step for man kind. #success #winning #legday #goals,2020-10-30,benjamin_robert_graham,6889517297606708482
143000,11100,491,20,False,,original sound,True,12,You can watch me! 😉😁,2020-10-02,stephgowie,6879022410528541953
25500,2021,89,78,False,fyp,FEEL THE GROOVE,False,53,I’ll do a vid on bulking tips soon #fyp #foryou #foryoupage #fitness #bodybuilder #supplements #nutrition #workout #diet,2020-10-28,evan_holmes_,6888483056588508417
4600000,249800,11100,60800,False,bodypositivity,Bounce,False,15,"100% body positive. Bra simply makes my shoulders hurt. And yes, they bounce... #bodypositivity #plussize",2020-12-13,lilydreamb,6905790048197758210
5500000,426700,4368,16100,False,nlunatics,Prrr ahahah,True,15,#nlunatics #yinyang_fantasyworld #terrorkanita #minions #stitch #hat #_littlestitch #comedy #makeyoulaugh #haveaniceday,2020-09-30,goofyqueen_kanita,6878330292701121794
684200,74300,1613,844,False,juf,original sound,True,12,Ik moest vooral om m’n eigen hoofd lachen 😂 #juf #foryou #voorjou #school #ohno #trending,2020-11-05,juffie_iris,6891645928797703425
84100,5207,455,152,False,duet,The Office,False,53,#duet  #justcurious #single #over30 #dating #men #WhenWeWereYounger #NeedToKnow,2020-11-22,kat_vt,6898057246270328070
34500,4328,49,3,False,joeyvandenhoek,Stages of tiktok,True,11,Wie dacht ook famous te kunnen worden met tiktok? #joeyvandenhoek #tiktoknl #famous #blijeeisquad #fy #3700 ❤️🙌🏼,2020-12-16,joeyvandenhoek,6906884442728516865
1100000,47300,528,486,False,tshirt,original sound,True,15,How To Look More Muscular In Your T-Shirt #tshirt #mensstyle,2020-11-27,alphamofficial,6899619652402449670
805900,37900,268,4128,False,diy,origineel geluid,True,10,DIY wallart. For tutorial video instagram: @gulys_creaties #diy #tutorials #follow #diyhome #diyhomedecor #tutorial #makeover #gold #creative #like,2020-10-29,gulys_creaties,6889162600534330625
39700,2233,16,17,False,fyp,Wrap Me In Plastic (Slowed Down Version),False,10,❤️❤️❤️ #fyp #fy #voorjou #dollhouse,2020-10-13,milenaaxoxoo,6883133559482191105
105100,12800,285,18,False,fyp,Where Is The Love?,False,10,my parents are watching the debate and i’m just like 🤪✌️💨 #fyp #runnergirl #gorun #debate #XC,2020-10-23,siena.palicke,6886618708731546886
189800,18900,77,67,False,backyard,original sound,True,10,Reply to @stefan._77  I completely ruined my backyard😬 #backyard #project #pool #foryou #fyp,2020-09-25,martijn.schilder,6876422232772578561
45900,2444,18,8,False,fy,original sound,True,8,Alrighttt let’s get it he he #fy #smooth #fresh #shower,2020-10-15,angieamberx,6883928153727831297
250800000,31000000,625700,220100,True,timewarpscan,original sound,True,9,#TimeWarpScan,2020-11-12,billieeilish,6894081763379924229
2800000,271500,8129,2119,True,corvettecorvette,Adderall (Corvette Corvette),False,15,Ben ik nu een echte TikTokker? #corvettecorvette #fyp #fy,2020-11-22,enzoknol,6897931927257484545
79000,971,11,9,False,going,origineel geluid,True,18,#going #wrong #jpkautomotive #mrtiktok #funn #fyp #fyppppp #foryourpage #for #your #page #2020 #noticeme #sponsorme,2020-10-08,jpk_automotive_youtube,6881337151901027586
1500000,82200,511,10500,False,fyp,original sound,True,21,#fyp #foryou #dancing #tiktokteacher #learn,2020-11-27,xhx188,6899706911059397893
144100,9280,53,35,False,fy,origineel geluid,True,6,🤡😒| Elke school heeft zo’n docent.. #fy #fyp #foryoupage #KerstInHuis #school #teacher,2020-12-09,meneerscholtenendeleeuw,6904264506998951169
86800,3603,68,38,False,,Emotieloos,False,15,5 things about living in The Netherlands 🧡 🇳🇱,2020-10-22,jovieshome,6886331836444790018
100800,20500,527,657,False,anime,оригинальный звук,True,10,#anime #animeedit #naruto #narutoedit #sasuke #scqsquad #qssquad #recommendations #рекомендации,2020-11-21,animexo,6897643701426752770
383600,9490,134,758,False,farhadpaz,original sound,True,37,#farhadpaz,2020-10-21,farhadpaz,6886192005270064386
39900,3080,32,27,False,hijab,original sound,True,15,Based on a true story. #hijab #muslimtiktok #inclusion,2020-12-08,samyahafsaoui,6903867852672077057
24900,1846,53,30,False,welldone,original sound,True,13,😫😫😫😫😫😫😫😫😫😫 #WellDone #2prettybestfriends #csmajorsoftiktok #stem #techtok,2020-10-30,tala.exe,6889539392105352450
312600,36500,994,728,True,,origineel geluid,True,59,Hoor jij ze allemaal? 🙃⚡️,2020-12-03,suzanenfreek,6902048470417378561
40800,2932,91,439,False,wind,origineel geluid,True,23,kut wind #wind #regen #werk #selfloveclub #foryoupage #luukwatdenkenjij #voorjoupagina #fyp #fy,2020-11-02,luukwatdenkenjij2.0,6890518277752163585
1100000,150700,1133,847,False,satisying,original sound,True,15,#satisying #horse #brush #shed,2020-10-06,quirky_equestrian_,6880446332352367873
181200,12700,602,1222,False,,original sound,True,8,Leven: gered,2020-12-19,zjessyy,6907950986871000322
89200,1620,94,18,False,fy,positions,False,9,En spoor 3 & 6 trouwens ook niet🙃 Wie wist dit? #fy #fyp #foryou #funny #amsterdam #train,2020-11-20,nadine.j,6897185128322174209
27200,937,12,6,False,homegym,Upside Down Acoustic ALL TIKTOK MASHUP,True,15,Sanity during lockdown = priceless 🦍🙏#homegym  Reply to @hotmickeychocolate,2020-11-23,marqsheino,6898415159249816833
213400,19800,271,65,True,,Your First Move Is Their Last Move,True,14,welk type ben jij 😷 | TAG JE VRIENDEN 🙈,2020-10-18,quinten___,6884946806833188097
51800,3542,39,41,False,dutch,origineel geluid,True,8,Deze tips helpen echt😱😱 #dutch #voorjou #fyp,2020-11-18,lilhandi,6896449137420619009
112100,9403,1049,65,False,coastguard,original sound,True,15,😋😋😋 #coastguard #navy #marines #airforce #army #military #womeninuniform #womeninthemilitary #spaceforce,2020-12-12,cryssieisland,6905409625726766341
15300,499,12,1,False,,original sound,True,11,,2020-10-28,shanikasadanjana,6888486575005617409
99900,22500,354,168,False,fyp,KC CHIEFS TECH N9NE,True,14,I blocked my kryptonite so it's over for you mfs (vote blue btw) #fyp #foryou #foryoupage #CollegeGotMeLike #Duet #CTCVoiceBox #StrapBack,2020-10-03,bundaddy,6879439037619342598
27800,1759,7,1,False,,original sound,True,14,,2020-09-28,afr_aa_zz_offical,6877411003160694017
67000,4053,88,56,False,horadearrasar,F Boy,False,13,#horadearrasar #fyp #tiktok #fy #foryou,2020-10-29,neggachicmodas,6888826582786395394
51700,5508,135,81,False,thankyoutaker,original sound,True,43,#thankyoutaker @undertaker #wwe#legend #theundertaker,2020-11-04,theundertakerlegend,6891183356097187074
8766,586,8,4,False,,original sound,True,15,,2020-10-18,dinesh_rox,6884981166659751169
2500000,28000,668,4533,False,рекомендации,оригинальный звук,True,9,Рукожопы#встилеRIO #рекомендации #рек #стройка #recommendations #рукожоп #стиральнаямашина #стиралка,2020-12-09,laykron,6904238654751870209
162900,12300,141,362,False,horadearrasar,som original,True,13,#horadearrasar,2020-10-25,mlluiza2,6887562050265025794
45900,5325,58,91,False,horadearrasar,som original,True,13,#horadearrasar #billieeilish,2020-10-09,fc_da_loud_5_0,6881428016275197186
49100,3324,115,28,False,boots,original sound,True,36,Reply to @mgdslade I feel like you’re teasing me 🤨 #boots #laces #military #army #amazing #canadian #skills,2020-10-22,bulletproof_dad,6886464165549001986
74500,1794,15,8,False,wwe,original sound,True,15,Who saw this? 😂 #wwe #smackdown #wrestling #fight #raw #fyp #foryoupage #foryou,2020-10-23,allwweclips,6886763008966577410
73300,6101,184,20,False,rawiseasy,original sound,True,55,Reply to @cattmanick short answer? No. #rawiseasy #equippedpowerlifting,2020-10-28,kolbstrong,6888722307603336453
30100,1100,63,14,False,fyp,original sound,True,14,Thank you for your concern #fyp #foryou #foryoupage #cooking #chef #diet #nutrition #gymshark #DayInMyLife #workout #bodybuilder,2020-10-03,evan_holmes_,6879222014880664833
71400,7207,59,2,False,duet,Ufc,False,17,"#duet with @daltonroe23 Thanks man, means alot since im small account. #fyp #gym #ProblemSolved #fight #ufc #boxing #fitness",2020-10-20,shotgod68,6885565252151315718
52400,9288,93,183,False,kakashi,som original,True,9,Ele ainda é o preferido de vocês? #kakashi #kakashihatake #kakashisempai ##kakashisensei #kakashi_hatake #kakashiedit #kakashiart #animeedit #カカシ,2020-10-16,lizandraquel,6884352491505388801
127500,13600,148,100,False,greenscreen,Blue Blood,False,58,Hope this helps! #greenscreen #foryoupage #fyp #foryou #powerlifting #bodybuilding #deadlift #fitness #workout #fittok #powertok,2020-10-20,timmytimmadome,6885540773987667205
118700,9630,65,58,False,foryoupage,original sound,True,55,Reply to @jessca4765 #foryoupage #fyp #foryou #powerlifting #bodybuilding #deadlift #fitness #workout #fittok #powertok,2020-09-22,timmytimmadome,6875405441472498949
85500,12900,75,128,False,animeedit,sonido original,True,30,Luffy !??                                              #animeedit #animeedits #onepiece #luffy #art #fyp #foryou #foryoupage,2020-11-06,majuel20,6892107260181499137
893900,205500,143,60,True,f,sonido original,True,20,Round 1 brujos 🧙‍♂️ Round  2 Vampiros 🧛‍♂️ @gloriavalenciaf @pablomondragoon24 @ludwika.santoyo @somoslasrico @aliciavalenciaf_ #f #friends,2020-11-01,cainguzman,6890302116246637825
33700,1287,55,2,False,,original sound,True,10,,2020-12-12,wizartgang4live,6905298511470890241
81600,651,42,11,False,,"The Banjo Beat, Pt. 1",False,21,Vandaag alle muren in ons huis geverfd! 🖌️🎨,2020-12-05,jufashley,6902823504383659266
124400,3716,47,32,False,,nhạc nền - Alin Trần Hair Salon,True,23,,2020-10-25,ekogr,6887443398446550273
42300,2164,75,7,False,running,Trampoline,False,12,In LOVE with this VIEW 😍 IG: thefashionjogger #running #viral #fitgirl #view,2020-11-25,thefashionjogger,6899104646543969537
36700,2098,70,28,False,lockdownvibe,original sound,True,15,Ik snap deze Nederland echt niet😂😂#lockdownvibe #foryoupage #xyzbca #fy #ahajla #foryou #cabaret #duetmetnajib,2020-12-14,anishajla,6906137577003175169
9200000,499600,6459,58000,True,,Jerusalema (feat. Nomcebo Zikode) [Edit],False,15,How long have you been playing football for ? 🤩,2020-10-11,lia.lewis,6882395409973660930
1200000,214700,2694,1703,False,petyyyyyy,Tell Me About You,False,20,Tell me about you? #petyyyyyy #puppy #cute,2020-11-25,petyyyyyy,6899113568092949761
433100,25100,657,748,True,fyp,Rain On Me,False,21,What did you noticed first? #fyp #running #run #runner #doggo,2020-10-13,levyvanwilgen,6883180152164011265
119600,5500,106,112,False,twerk,original sound,True,15,This whole video is of me trying not to let my b00bs fall out. You’re welcome#ThatWitch #twerk,2020-10-21,abiiiijjjjj,6886223121397894405
3313,218,18,1,False,magikbijjouslapen,origineel geluid,True,8,😜😜😜#magikbijjouslapen#love#nederland#fyp#foryoupage#foryou#tiktok#viral#voorjou#like#just4fun#follow#followback#vj#fy#dutch#fypシ,2020-10-02,verooontjuh,6879000638458449153
129300,13300,111,152,False,foryou,original sound,True,13,#foryou #foryoupage,2020-09-27,artistmiranda,6877191692341054721
80700,12200,321,223,False,gttfg,original sound,True,20,Stop eating 💩 #gttfg #gotothegym #swolefam #nutrition #diet #workout #gymtime #pumpkinspice,2020-12-19,papaswolio,6908069845825359109
449300,26600,668,3392,False,fy,origineel geluid,True,13,#fy #foryoupage #foryou,2020-10-14,sanaelfarah,6883484287434378497
72200,10000,274,111,False,fyp,Imagine having long beautiful hair,True,12,regretss 📈 #fyp #foryou #curls,2020-11-24,safae.kx,6898721943978036481
309000,58900,874,235,False,horserider,Potential Breakup Song,False,14,"The collab you didn’t know you needed, myself and @this_esme 🙌🏼💕 #horserider #horsegirl #equestrian #equestriangirl #riding #horse",2020-11-25,erinwilliams_1,6899116261746281730
